,id,tipo,nombre,latitud,longitud,elevacion,iso_region,Ciudad,score
1,5781,large_airport,Ministro Pistarini International Airport,-34.8222,-58.5358,67.0,AR-B,Buenos Aires,1275
2,5771,medium_airport,Jorge Newbery Airpark,-34.5592,-58.4156,18.0,AR-C,Buenos Aires,1050
3,5806,medium_airport,Cataratas Del Iguazú International Airport,-25.737301000000002,-54.4734,916.0,AR-N,Puerto Iguazu,1050
4,5835,medium_airport,Malvinas Argentinas Airport,-54.8433,-68.2958,102.0,AR-V,Ushuahia,1050
5,5831,medium_airport,El Calafate Airport,-50.2803,-72.053101,669.0,AR-Z,El Calafate,250
6,37,closed,Colonia Catriel Airport,-37.9101982117,-67.8349990845,1026.0,AR-R,Colonia Catriel,50
7,5852,medium_airport,San Carlos De Bariloche Airport,-41.151199,-71.157501,2774.0,AR-R,San Carlos de Bariloche,1050
8,5786,medium_airport,El Plumerillo Airport,-32.831699371300004,-68.7929000854,2310.0,AR-M,Mendoza,1050
9,5775,medium_airport,San Fernando Airport,-34.4532,-58.5896,10.0,AR-B,San Fernando,250
10,5770,medium_airport,Sauce Viejo Airport,-31.7117,-60.8117,55.0,AR-S,Santa Fe,975
11,5811,medium_airport,Martin Miguel De Guemes International Airport,-24.856000900300003,-65.4861984253,4088.0,AR-A,Salta,1050
12,5836,medium_airport,Capitan D Daniel Vazquez Airport,-49.3068,-67.8026,203.0,AR-Z,San Julian,800
13,5773,medium_airport,Ingeniero Ambrosio Taravella Airport,-31.323601,-64.208,1604.0,AR-X,Cordoba,1050
14,5834,medium_airport,Piloto Civil N. Fernández Airport,-51.6089,-69.3126,61.0,AR-Z,Rio Gallegos,1050
15,5769,medium_airport,Islas Malvinas Airport,-32.9036,-60.785,85.0,AR-S,Rosario,1050
16,5847,medium_airport,Ástor Piazzola International Airport,-37.9342,-57.5733,72.0,AR-B,Mar del Plata,1050
17,5833,medium_airport,Hermes Quijada International Airport,-53.7777,-67.7494,65.0,AR-V,Rio Grande,375
18,5780,medium_airport,El Palomar Airport,-34.6099,-58.6126,59.0,AR-B,El Palomar,300
19,29733,closed,Don Torcuato Airport,-34.498100280799996,-58.6041984558,20.0,AR-B,Don Torcuato,50
20,5767,small_airport,Pergamino Airport,-33.919000000000004,-60.648,236.0,AR-B,Pergamino,50
21,39058,small_airport,Zarate Airport,-34.12,-59.0836,85.0,AR-B,Zarate,50
22,5822,medium_airport,General E. Mosconi Airport,-45.7853,-67.4655,189.0,AR-U,Comodoro Rivadavia,1050
23,5823,medium_airport,Brigadier Antonio Parodi Airport,-42.908000946,-71.139503479,2621.0,AR-U,Esquel,975
24,5851,medium_airport,Santa Rosa Airport,-36.588299,-64.27570300000001,630.0,AR-L,Santa Rosa,975
25,5829,medium_airport,El Tehuelche Airport,-42.7592,-65.1027,427.0,AR-U,Puerto Madryn,825
26,5827,medium_airport,Almirante Marco Andres Zar Airport,-43.2105,-65.2703,141.0,AR-U,Rawson,825
27,5828,medium_airport,Gobernador Castello Airport,-40.8692,-63.0004,20.0,AR-R,Viedma / Carmen de Patagones,800
28,5764,medium_airport,Comodoro Pierrestegui Airport,-31.2969,-57.9966,112.0,AR-E,Concordia,250
29,5778,small_airport,Moron Airport,-34.6763,-58.6428,95.0,AR-B,Moron,250
30,38833,small_airport,Ezpeleta Airport,-34.7464,-58.2033,9.0,AR-B,Ezpeleta,50
31,5848,medium_airport,Presidente Peron Airport,-38.949001,-68.15570100000001,895.0,AR-Q,Neuquen,1050
32,5809,medium_airport,Libertador Gral D Jose De San Martin Airport,-27.3858,-55.9707,430.0,AR-N,Posadas,1050
33,5804,medium_airport,Resistencia International Airport,-27.45,-59.0561,173.0,AR-H,Resistencia,1050
34,5794,medium_airport,Teniente Benjamin Matienzo Airport,-26.8409,-65.104897,1493.0,AR-T,San Miguel de Tucumán,1050
35,5840,medium_airport,Comandante Espora Airport,-38.725,-62.1693,246.0,AR-B,Bahia Blanca,975
36,5768,medium_airport,General Urquiza Airport,-31.7948,-60.4804,242.0,AR-E,Parana,975
37,5838,medium_airport,Perito Moreno Airport,-46.537898999999996,-70.978699,1410.0,AR-Z,Perito Moreno,800
38,5832,medium_airport,Puerto Deseado Airport,-47.7353,-65.9041,268.0,AR-Z,Puerto Deseado,800
39,5839,medium_airport,Santa Cruz Airport,-50.0165,-68.5792,364.0,AR-Z,Santa Cruz,800
40,5846,medium_airport,Santa Teresita Airport,-36.5423,-56.7218,9.0,AR-B,Santa Teresita,800
41,29898,small_airport,Gobernador Gregores Airport,-48.7831,-70.150002,356.0,AR-Z,Gobernador Gregores,450
42,5800,medium_airport,Villa Reynolds Airport,-33.729900360100004,-65.3873977661,1591.0,AR-D,Villa Mercedes,375
43,5853,medium_airport,Héroes De Malvinas Airport,-37.2374000549,-59.227901458699996,574.0,AR-B,Tandil,325
44,5855,medium_airport,Cutral-Co Airport,-38.939701080300004,-69.2646026611,2132.0,AR-Q,Cutral-Co,250
45,38737,small_airport,Belén De Escobar Airport,-34.2986,-58.7989,13.0,AR-B,Belén De Escobar,50
46,29806,small_airport,Coronel Olmedo Airport,-31.4874992371,-64.1414031982,1416.0,AR-X,Cordoba,50
47,38850,closed,General Rodriguez Airport,-34.497234000000006,-59.037456999999996,98.0,AR-B,General Rodriguez,50
48,5776,small_airport,Mariano Moreno Airport,-34.5606,-58.7896,105.0,AR-B,General Sarmiento,50
49,16,small_airport,Isla Martin Garcia Airport,-34.1821,-58.2469,6.0,AR-B,Isla Martin Garcia,50
50,30122,small_airport,Matanza Airport,-34.7261,-58.5011,9.0,AR-B,La Matanza,50
51,38927,small_airport,Luján Airport,-34.5514,-59.0783,82.0,AR-B,Lujan,50
52,38946,small_airport,Mercedes Airport,-34.6397,-59.4556,137.0,AR-B,Mercedes,50
53,30260,small_airport,Pigüé Airport,-37.601699829100006,-62.3781013489,997.0,AR-B,Pigüé,50
54,30313,small_airport,Quilmes Airport,-34.7064,-58.2444,6.0,AR-B,Quilmes,50
55,38706,small_airport,San Andres De Giles Airport,-34.4703,-59.4247,167.0,AR-B,San Andres de Giles,50
56,29803,small_airport,Escuela De Aviacion Militar Airport,-31.444999694800003,-64.2838973999,1646.0,AR-X,Santa Isabel - Córdoba,50
57,5812,medium_airport,Gobernador Horacio Guzman International Airport,-24.392799,-65.097801,3019.0,AR-Y,San Salvador de Jujuy,1050
58,5792,medium_airport,Capitan V A Almonacid Airport,-29.381599426300003,-66.7957992554,1437.0,AR-F,La Rioja,975
59,5789,medium_airport,Catamarca Airport,-28.5956001282,-65.751701355,1522.0,AR-K,Catamarca,800
60,5856,medium_airport,Aviador C. Campos Airport,-40.075401,-71.137299,2569.0,AR-Q,Chapelco/San Martin de los Andes,800
61,5795,medium_airport,Domingo Faustino Sarmiento Airport,-31.571501,-68.418198,1958.0,AR-J,San Juan,800
62,5824,medium_airport,Las Heras Airport,-46.53829956049999,-68.9653015137,1082.0,AR-Z,Las Heras,550
63,5796,medium_airport,Area De Material Airport,-33.0850982666,-64.2612991333,1380.0,AR-X,Rio Cuarto,375
64,5817,medium_airport,Goya Airport,-29.1058,-59.2189,128.0,AR-W,Goya,250
65,5765,medium_airport,Gualeguaychu Airport,-33.0103,-58.6131,75.0,AR-E,Gualeguaychu,250
66,5766,small_airport,Junin Airport,-34.5459,-60.9306,262.0,AR-B,Junin,250
67,5777,medium_airport,La Plata Airport,-34.9722,-57.8947,72.0,AR-B,La Plata,250
68,5807,medium_airport,Paso De Los Libres Airport,-29.6894,-57.1521,230.0,AR-W,Paso de los Libres,250
69,5819,medium_airport,Reconquista Airport,-29.2103,-59.68,160.0,AR-S,Reconquista,250
70,5854,medium_airport,Villa Gesell Airport,-37.2354,-57.0292,32.0,AR-B,Villa Gesell,250
71,38711,small_airport,Alta Gracia Airport,-31.6513996124,-64.39389801029999,1748.0,AR-X,Alta Gracia,50
72,38713,small_airport,Alvear Aeroparque Airport,-33.0467,-60.5969,85.0,AR-S,Alvear,50
73,38722,small_airport,Arrecifes Aeroclub Airport,-34.0833,-60.0333,141.0,AR-B,Arrecifes,50
74,29676,small_airport,Azul Airport,-36.8368988037,-59.8802986145,478.0,AR-B,Azul,50
75,38733,small_airport,Baradero Airport,-33.8217,-59.4925,95.0,AR-B,Baradero,50
76,17,small_airport,Bell Ville Airport,-32.6599,-62.702,429.0,AR-X,Bell Ville,50
77,38739,closed,Benavidez Airport,-34.388054,-58.663887,13.0,AR-B,Benavidez,50
78,5845,small_airport,Bolivar Airport,-36.1866,-61.0764,308.0,AR-B,Bolivar,50
79,35399,small_airport,Bragado Airport,-35.144,-60.4803,196.0,AR-B,Bragado,50
80,5779,small_airport,Campo De Mayo Airport MIL,-34.5344,-58.6717,78.0,AR-B,Campo de Mayo,50
81,38754,small_airport,Cañuelas Airport,-35.1119,-58.7261,98.0,AR-B,Cañuelas,50
82,38761,small_airport,Carmen De Areco Airport,-34.4175,-59.8719,160.0,AR-B,Carmen de Areco,50
83,38771,small_airport,Chacabuco Airport,-34.6069,-60.4097,226.0,AR-B,Chacabuco,50
84,38775,small_airport,Chascomus Airport,-35.5428,-58.0519,32.0,AR-B,Chascomus,50
85,38776,small_airport,Chivilcoy Airport,-34.9639,-60.0333,173.0,AR-B,Chivilcoy,50
86,29997,small_airport,Jose De San Martin Airport,-44.048599243199995,-70.4589004517,2407.0,AR-U,Chubut,50
87,38782,small_airport,Colon Airport,-33.9231,-61.0461,295.0,AR-B,Colon,50
88,42831,closed,Estancia El Chañar Airport,-31.2887,-62.4189,331.0,AR-X,Colonia Marina,50
89,29,small_airport,Veinticinco De Mayo Airport,-37.8097991943,-67.6593017578,1138.0,AR-L,Colonia Veinticinco de Mayo,50
90,40,small_airport,Comandante Luis Piedrabuena Airport,-49.9951,-68.9531,78.0,AR-Z,Comandante Luis Piedrabuena,50
91,42817,small_airport,Coronel Brandsen Airport,-35.1828,-58.2839,52.0,AR-B,Coronel Brandsen,50
92,32248,small_airport,Dolores Airport,-36.3225,-57.7214,32.0,AR-B,Dolores,50
93,29847,small_airport,El Maiten Airport,-42.0292015076,-71.17250061040002,2355.0,AR-U,El Maiten,50
94,38812,small_airport,El Pajaro Airport,-34.8237,-58.3169,52.0,AR-B,Florencio Varela,50
95,38842,small_airport,General Belgrano Airport,-35.7519,-58.4633,39.0,AR-B,General Belgrano,50
96,38845,small_airport,General Las Heras,-34.9206,-58.9164,114.0,AR-B,General Las Heras,50
97,42821,small_airport,EAA General Rodriguez,-34.6803,-59.0358,91.0,AR-B,General Rodriguez,50
98,38851,small_airport,Los Toldos Airport,-34.9744,-61.0206,236.0,AR-B,General Viamonte,50
99,38855,small_airport,Gonzalez Chaves Airport,-38.029399871799995,-60.136100768999995,636.0,AR-B,Gonzalez Chaves,50
100,38858,small_airport,Gualeguay Airport,-33.1036109924,-59.3747215271,39.0,AR-E,Gualeguay,50
101,38888,small_airport,Tres Lomas Airport,-36.4439,-62.8792,380.0,AR-B,Jose Maria Blanco,50
102,39029,small_airport,Tolosa Airport,-34.8747,-57.9608,18.0,AR-B,La Plata,50
103,25,small_airport,La Puntilla Airport,-32.962799,-68.873703,3091.0,AR-M,La Puntilla,50
104,39065,small_airport,Las Flores Airport,-36.0672,-59.1042,111.0,AR-B,Las Flores,50
105,38932,small_airport,Lobos Airport,-35.2108,-59.1367,95.0,AR-B,Lobos,50
106,38894,small_airport,La Caida Airport,-34.8625,-58.3447,91.0,AR-B,Longchamps,50
107,38736,small_airport,Batan Airport,-38.0117,-57.6775,203.0,AR-B,Mar Del Plata,50
108,38941,small_airport,Marcos Paz,-34.7975,-58.8969,91.0,AR-B,Marcos Paz,50
109,5801,small_airport,Valle Del Conlara International Airport,-32.3847007751,-65.1865005493,2021.0,AR-D,Merlo,50
110,38956,small_airport,Navarro Airport,-35.0236,-59.2858,98.0,AR-B,Navarro,50
111,5842,small_airport,Olavarria Airport,-36.8899993896,-60.216598510699995,551.0,AR-B,Olavarria,50
112,38971,small_airport,Pinamar Airport,-37.0911,-56.9783,9.0,AR-B,Pinamar,50
113,30339,small_airport,Rio Colorado Airport,-38.995,-64.1408,275.0,AR-R,Rio Colorado,50
114,26,small_airport,Rio Cuarto Aeroclub Airport,-33.1605987549,-64.33820343020001,1423.0,AR-X,Rio Cuarto,50
115,30341,small_airport,Rio Mayo Airport,-45.7038993835,-70.24559783939999,1784.0,AR-U,Rio Mayo,50
116,29849,small_airport,28 de Noviembre Airport,-51.605,-72.2203,909.0,AR-Z,Rio Turbio,50
117,38716,small_airport,America Airport,-35.5017,-62.99,347.0,AR-B,Rivadavia,50
118,43,small_airport,Saladillo Airport,-35.6081,-59.8164,147.0,AR-B,Saladillo,50
119,38999,small_airport,Salto Airport,-34.3069,-60.2858,193.0,AR-B,Salto,50
120,32243,small_airport,San Antonio De Areco Airport,-34.2214,-59.4422,98.0,AR-B,San Antonio de Areco,50
121,30377,small_airport,Aeródromo San Justo - Aeroclub Argentino,-34.7311,-58.5975,62.0,AR-B,San Justo,50
122,39009,small_airport,Bahía Agradable Airport,-35.4594,-58.7636,78.0,AR-B,San Miguel Del Monte,50
123,38,small_airport,San Nicolas De Los Arroyos Airport,-33.3907,-60.1957,98.0,AR-B,San Nicolas,50
124,35411,small_airport,San Pedro Airport,-33.698,-59.7267,88.0,AR-B,San Pedro,50
125,38813,small_airport,El Pampero Airport,-36.5928001404,-64.1866989136,583.0,AR-L,Santa Rosa,50
126,35329,small_airport,Lago Fagnano North Airport,-54.499699,-67.173103,600.0,AR-V,Toluhin,50
127,5837,small_airport,Estación Aeronaval Airport,-54.8227,-68.3043,19.0,AR-V,Ushuahia,50
128,39,small_airport,Venado Tuerto Airport,-33.6818,-61.9564,367.0,AR-S,Venado Tuerto,50
129,38907,small_airport,La Siesta Airport,-33.6939,-62.0625,367.0,AR-S,Venado Tuerto,50
130,42881,small_airport,Savesa Airport,-33.7792,-61.9775,360.0,AR-S,Venado Tuerto,50
131,30303,small_airport,Punta Indio Base Aeronaval,-35.353297999999995,-57.290001000000004,49.0,AR-B,Veronica,50
132,39054,small_airport,Villa General Belgrano Airport,-31.9652996063,-64.5643997192,2755.0,AR-X,Villa General Belgrano,50
133,35413,small_airport,Villa Mercedes Airport,-33.640858,-65.420074,1689.0,AR-D,Villa Mercedes,50
134,321748,small_airport,Daireaux Airport,-36.5828,-61.7842,380.0,AR-B,Daireaux,0
135,318268,small_airport,Fumigaciones Ortega Airport,-35.2757,-61.5564,295.0,AR-B,Martinez de Hoz,0
136,318273,small_airport,Agro Aéreo La Noria,-33.85696,-60.70038,255.0,AR-B,Pergamino,0
137,5803,medium_airport,Corrientes Airport,-27.4455,-58.7619,202.0,AR-W,Corrientes,1050
138,5805,medium_airport,Formosa Airport,-26.2127,-58.2281,193.0,AR-P,Formosa,1050
139,5849,medium_airport,Necochea Airport,-38.4831,-58.8172,72.0,AR-B,Necochea,800
140,5802,medium_airport,Brigadier Mayor D Cesar Raul Ojeda Airport,-33.2732009888,-66.3563995361,2328.0,AR-D,San Luis,800
141,5788,medium_airport,Suboficial Ay Santiago Germano Airport,-34.588299,-68.4039,2470.0,AR-M,San Rafael,800
142,5790,medium_airport,Vicecomodoro Angel D. La Paz Aragonés Airport,-27.7655563354,-64.3099975586,656.0,AR-G,Santiago del Estero,800
143,5815,medium_airport,General Enrique Mosconi Airport,-22.619600295999998,-63.7937011719,1472.0,AR-A,Tartagal,800
144,30057,closed,Lago Argentino Airport,-50.336102000000004,-72.24859599999999,732.0,AR-Z,El Calafate,450
145,35398,small_airport,Merlo Airport,-32.358200073242195,-65.01740264892578,796.0,AR-D,Merlo,450
146,5826,small_airport,Antoine de Saint Exupéry Airport,-40.7512,-65.0343,85.0,AR-R,San Antonio Oeste,450
147,20,small_airport,Estancia Don Panos Airport,-26.2959,-59.5353,262.0,AR-H,Presidencia Roca,350
148,5820,medium_airport,Curuzu Cuatia Airport,-29.7706,-57.9789,229.0,AR-W,Curuzu Cuatia,250
149,5821,medium_airport,El Bolson Airport,-41.9431991577,-71.53230285640001,1141.0,AR-R,El Bolson,250
150,5843,medium_airport,General Pico Airport,-35.696201324499995,-63.7583007812,459.0,AR-L,General Pico,250
151,5787,medium_airport,Comodoro D.R. Salomón Airport,-35.493598938000005,-69.5743026733,4685.0,AR-M,Malargue,250
152,5808,medium_airport,Monte Caseros Airport,-30.2719,-57.6402,170.0,AR-W,Monte Caseros,250
153,5813,medium_airport,Orán Airport,-23.1527996063,-64.3292007446,1171.0,AR-A,Orán,250
154,5850,medium_airport,Comodoro Pedro Zanni Airport,-35.8446,-61.8576,278.0,AR-B,Pehuajó,250
155,5784,medium_airport,Rincon De Los Sauces Airport,-37.3905982971,-68.9041976929,1968.0,AR-Q,Rincon de los Sauces,250
156,5844,medium_airport,Tres Arroyos Airport,-38.3869,-60.3297,400.0,AR-B,Tres Arroyos,250
157,5797,medium_airport,Villa Dolores Airport,-31.945199966399997,-65.1463012695,1847.0,AR-X,Villa Dolores,250
158,5785,medium_airport,Zapala Airport,-38.975497999999995,-70.113602,3330.0,AR-Q,Zapala,250
159,42841,small_airport,Finca La Frontera Airport,-22.12351,-63.29055,160.0,AR-A,"Aguaray, San Martín",50
160,38707,small_airport,Alejandro Roca Airport,-33.3488998413,-63.729999542200005,688.0,AR-X,Alejandro Roca,50
161,38710,small_airport,Allen Airport,-38.958099365200006,-67.8035964966,951.0,AR-R,Allen,50
162,42827,small_airport,El Toto Airport,-31.650278000000004,-64.368889,540.0,AR-X,Alta Gracia,50
163,29656,small_airport,D. Casimiro Szlapelis Airport,-45.013599,-70.812202,2286.0,AR-U,Alto Rio Senguerr,50
164,38823,small_airport,Estancia La Laurita Airport,-44.7761116027832,-70.19638824462889,1834.0,AR-U,Alto Rio Senguerr,50
165,38712,small_airport,Alumine Airport,-38.950298309299995,-71.0492019653,3819.0,AR-Q,Alumine,50
166,38715,small_airport,Ameghino Airport,-34.8458,-62.4817,360.0,AR-B,Ameghino,50
167,42857,small_airport,La Chacra Airport,-34.8119,-62.522501,357.0,AR-B,Ameghino,50
168,42882,small_airport,Sigfrido Rohr Aviagro S.R.L. Airport,-34.8306,-62.4678,360.0,AR-B,Ameghino,50
169,38717,small_airport,Añatuya Airport,-28.4797000885,-62.8457984924,354.0,AR-G,Añatuya,50
170,38718,small_airport,Andacollo Airport,-37.20333480834961,-70.69666290283203,3524.0,AR-Q,Andacollo,50
171,42,small_airport,Andalgalá Airport,-27.6317005157,-66.35079956050001,2952.0,AR-K,Andalgalá,50
172,31,small_airport,Apóstoles Airport,-27.903200149499998,-55.765499115,581.0,AR-N,Apóstoles,50
173,42908,small_airport,La Cura Malal Airport,-34.0536,-60.1369,121.0,AR-B,Arrecifes,50
174,38723,small_airport,Arribeños Airport,-34.2228,-61.3858,268.0,AR-B,Arribeños,50
175,38724,small_airport,Arroyito/Arcor Airport,-31.422199249299997,-63.0041999817,485.0,AR-X,Arroyito/Arcor,50
176,39060,small_airport,Ascochinga Airport,-30.967920303299998,-64.27774047850001,677.0,AR-X,Ascochinga,50
177,38727,small_airport,Presidente Avellaneda Airport,-29.1061,-59.6569,147.0,AR-S,Avellaneda,50
178,38728,small_airport,Ayacucho Airport,-37.1639,-58.4719,221.0,AR-B,Ayacucho,50
179,38698,small_airport,Bahia Blanca Aeroclub Airport,-38.6722,-62.3522,49.0,AR-B,Bahia Blanca,50
180,38709,small_airport,Algarrobo/La Reforma Airport,-38.7306,-63.2869,219.0,AR-B,Bahia Blanca,50
181,38699,small_airport,Balcarce Aeroclub Airport,-37.9156,-58.3442,393.0,AR-B,Balcarce,50
182,38825,small_airport,Estancia Los Cardos Airport,-37.7356,-58.0342,393.0,AR-B,Balcarce,50
183,42803,small_airport,Agroservicio Doña Teresa Airport,-28.8494,-62.2625,246.0,AR-G,Bandera,50
184,38734,small_airport,Barrancas Airport,-36.7756004333,-69.8593978882,3481.0,AR-M,Barrancas,50
185,38735,small_airport,Basavilbaso Airport,-32.3611,-58.8808,196.0,AR-E,Basavilbaso,50
186,42862,small_airport,La Zulema Airport,-32.4897,-62.6714,423.0,AR-X,Bell Ville,50
187,34,small_airport,Bella Vista Airport,-28.5262,-59.0385,180.0,AR-W,Bella Vista,50
188,29998,small_airport,Benito Juarez Airport,-37.7061004639,-59.791900634799994,682.0,AR-B,Benito Juarez,50
189,41559,small_airport,Bernardo De Irigoyen Airport,-26.281388,-53.673331999999995,2673.0,AR-N,Bernardo de Irigoyen,50
190,42820,small_airport,Dinaluca S.A. Airport,-27.3828,-57.6442,219.0,AR-W,Berón de Astrada,50
191,38741,small_airport,Gran Ancona Airport,-33.4383,-61.3017,318.0,AR-S,Bombal,50
192,42852,closed,Haras Trelliris Airport,-35.3314,-60.5792,196.0,AR-B,Bragado,50
193,38743,small_airport,Pablo Sierra Aeroaplicaciones Airport,-30.9294,-62.0506,328.0,AR-X,Brinkman,50
194,19,small_airport,El Porton Airport,-37.1949996948,-69.6094970703,2853.0,AR-Q,Buta Ranquil,50
195,38746,small_airport,Cabildo Airport,-38.4986000061,-61.884399414099995,521.0,AR-B,Cabildo,50
196,13,small_airport,Cachi Airport,-25.104999542199998,-66.15720367429999,8232.0,AR-A,Cachi,50
197,14,small_airport,Cafayate Airport,-26.0561008453,-65.9368972778,5375.0,AR-A,Cafayate,50
198,35401,small_airport,Caleta Olivia Airport,-46.43180084229999,-67.5186004639,37.0,AR-Z,Caleta Olivia,50
199,38749,small_airport,Caleufu Airport,-40.39390182495117,-70.96330261230469,2323.0,AR-Q,Caleufu,50
200,32,small_airport,Calilegua Airport,-23.7819004059,-64.74949646,1449.0,AR-Y,Calilegua,50
201,21,small_airport,Campo Arenal Airport,-27.0722999573,-66.58609771729999,7622.0,AR-K,Campo Arenal,50
202,38752,small_airport,Cañada De Gomez Airport,-32.8086,-61.365,268.0,AR-S,Cañada de Gomez,50
203,38731,small_airport,B&B Servicios Agropecuarios Airport,-32.1147,-61.6328,239.0,AR-S,Cañada Rosquin,50
204,38753,small_airport,Cañada Rosquin Airport,-32.0994,-61.5839,219.0,AR-S,Cañada Rosquin,50
205,33,small_airport,Cañadon Seco Airport,-46.538999999999994,-67.5639,295.0,AR-Z,Cañadon Seco,50
206,38751,small_airport,Canals Airport,-33.5622,-62.8692,387.0,AR-X,Canals,50
207,38755,small_airport,Capitan Sarmiento Airport,-34.1639,-59.7311,160.0,AR-B,Capitan Sarmiento,50
208,38900,small_airport,Quebracho Herrado Airport,-34.1553,-59.8739,170.0,AR-B,Capitán Sarmiento,50
209,42907,small_airport,San Patricio Airport,-34.0403,-59.6944,147.0,AR-B,Capitán Sarmiento,50
210,42819,small_airport,Di Giuseppe Airport,-32.8908,-61.1239,291.0,AR-S,Carcarañá,50
211,38757,small_airport,Carhue Airport,-37.1942,-62.7814,360.0,AR-B,Carhue,50
212,38758,small_airport,Carlos Casares Airport,-35.6328,-61.3842,275.0,AR-B,Carlos Casares,50
213,38759,small_airport,Las Ensenadas Airport,-31.4552993774,-64.5263977051,2394.0,AR-X,Carlos Paz,50
214,38760,small_airport,Carlos Tejedor Airport,-35.4256,-62.4697,308.0,AR-B,Carlos Tejedor,50
215,42812,small_airport,Carmen De Patagones Airport,-40.7781,-62.9803,131.0,AR-B,Carmen de Patagones,50
216,38763,small_airport,Casilda Airport,-33.0617,-61.21,252.0,AR-S,Casilda,50
217,38764,small_airport,Castelli Airport,-36.11000061035156,-57.86194610595703,33.0,AR-B,Castelli,50
218,29769,small_airport,Ceres Airport,-29.872291999999998,-61.927925,285.0,AR-S,Ceres,50
219,41562,small_airport,Cerro Catedral Airport,-41.16329956049999,-71.4427032471,3450.0,AR-R,Cerro Catedral,50
220,38772,small_airport,Chacharramendi Airport,-37.340599060100004,-65.64669799800001,951.0,AR-L,Chacharramendi,50
221,38765,small_airport,Castelli Airport,-25.93083381652832,-60.62805557250977,364.0,AR-H,Chaco,50
222,38773,small_airport,Chajari Airport,-30.7542,-58.0,173.0,AR-E,Chajari,50
223,38822,small_airport,Estancia La Choza Airport,-30.5389,-58.2928,236.0,AR-E,Chajari,50
224,38774,small_airport,Chañar Ladeado Airport,-33.3333,-62.0333,367.0,AR-S,Chañar Ladeado,50
225,38963,small_airport,Palitue Airport,-39.81638717651367,-71.0294418334961,2562.0,AR-Q,Chapelco,50
226,35403,small_airport,Charata Airport,-27.2164,-61.2103,318.0,AR-H,Charata,50
227,42823,small_airport,El Gringo Airport,-27.3086,-61.2114,301.0,AR-H,Charata,50
228,39061,small_airport,Chepes Airport,-31.356142044099997,-66.5918884277,714.0,AR-F,Chepes,50
229,5793,small_airport,Chilecito Airport,-29.2238998413,-67.4389038086,3099.0,AR-F,Chilecito,50
230,36,small_airport,Choele Choel Airport,-39.2863998413,-65.6102981567,642.0,AR-R,Choele Choel,50
231,38777,small_airport,Cholila Airport,-42.484722,-71.46055600000001,1883.0,AR-U,Cholila,50
232,5782,small_airport,Chos Malal Airport,-37.444698333699996,-70.2225036621,2788.0,AR-Q,Chos Malal,50
233,39024,small_airport,Estancia Tecka Airport,-43.6122207642,-71.0219421387,2361.0,AR-U,Chubut,50
234,38778,small_airport,Cinco Saltos Airport,-38.801666259765625,-68.03722381591797,1171.0,AR-R,Cinco Saltoses,50
235,38700,small_airport,Cipoletti Aeroclub Airport,-38.893100738499996,-67.9886016846,885.0,AR-R,Cipoletti,50
236,38924,small_airport,Lanzillota Airport,-32.7214012146,-68.6342010498,1869.0,AR-M,Ciudad de Lavalle,50
237,29791,small_airport,Clorinda Airport,-25.3036,-57.7344,206.0,AR-P,Clorinda,50
238,38783,small_airport,Colon Airport,-32.2614,-58.1556,65.0,AR-E,Colon,50
239,42814,small_airport,Colonia Tirolesa Airport,-31.244721999999996,-64.035278,1335.0,AR-X,Colonia Tirolesa,50
240,38694,small_airport,13 De Diciembre Airport,-45.9033,-67.5564,170.0,AR-U,Comodoro Rivadavia,50
241,42816,small_airport,Concepción Airport,-27.345434,-65.61797299999999,1200.0,AR-T,Concepción,50
242,38785,small_airport,Concepcion Del Uruguay Airport,-32.4519,-58.3058,121.0,AR-E,Concepcion Del Uruguay,50
243,38786,small_airport,Concordia Aeroclub Airport,-31.3042,-58.0153,131.0,AR-E,Concordia,50
244,38787,small_airport,Confluencia Airport,-36.7714004517,-69.5385971069,4964.0,AR-M,Confluencia,50
245,38902,small_airport,La Mezquita Airport,-31.400800705,-64.30030059810001,1672.0,AR-X,Cordoba/La Mezquita,50
246,42799,small_airport,Aerofumigaciones Don Alejandro Airport,-33.3053,-60.6539,170.0,AR-S,Coronel Bogado,50
247,42843,small_airport,Fumigaciones Campagnucci Airport,-33.3239,-60.6658,157.0,AR-S,Coronel Bogado,50
248,38811,balloonport,El Manantial Airport,-35.1943,-58.3594,49.0,AR-B,Coronel Brandsen,50
249,38788,small_airport,Coronel Dorrego Airport,-38.7411,-61.2561,393.0,AR-B,Coronel Dorrego,50
250,42818,small_airport,Coronel Moldes Airport,-33.616669,-64.612503,1170.0,AR-X,Coronel Moldes,50
251,38789,small_airport,Coronel Pringles Airport,-38.0066680908,-61.331943511999995,810.0,AR-B,Coronel Pringles,50
252,5841,small_airport,Brigadier D.H.E. Ruiz Airport,-37.446098,-61.889301,767.0,AR-B,Coronel Suarez,50
253,35400,closed,[Duplicate] Brigadier Hector Ruiz Airport,-37.4333000183,-61.8833007812,228.0,AR-B,Coronel Suarez,50
254,38790,small_airport,Coronel Vidal Airport,-37.4689,-57.7669,85.0,AR-B,Coronel Vidal,50
255,38791,small_airport,Corral De Bustos Airport,-33.2811,-62.1514,393.0,AR-X,Corral de Bustos,50
256,38714,small_airport,Alvear Airport,-29.064721999999996,-56.541111,226.0,AR-W,Corrientes,50
257,38792,small_airport,Santa María Airport,-31.2861003876,-64.4552993774,2296.0,AR-X,Cosquin,50
258,41551,small_airport,Cristo Redentor Airport,-32.807300567599995,-70.06819915770001,10477.0,AR-M,Cristo Redentor,50
259,38793,small_airport,Cruz Alta Airport,-33.0078,-61.8369,318.0,AR-X,Cruz Alta,50
260,35333,small_airport,Cullen Airport,-52.88510131835938,-68.41220092773439,132.0,AR-V,Cullen,50
261,38794,small_airport,Curuzu Cuatia Aeroclub Airport,-29.7789,-58.0958,262.0,AR-W,Curuzu Cuatia,50
262,38828,small_airport,Estancia San Juan Airport,-29.6028,-58.0281,268.0,AR-W,Curuzu Cuatia,50
263,38796,small_airport,Fumigaciones Airport,-36.5914,-61.7753,371.0,AR-B,Daireaux,50
264,38797,small_airport,Darregueira Airport,-37.7127990723,-63.1618995667,649.0,AR-B,Darregueira,50
265,38799,small_airport,Dean Funes Airport,-30.3791999817,-64.379699707,2259.0,AR-X,Dean Funes,50
266,38800,small_airport,Diamante Airport,-32.0161,-60.5825,246.0,AR-E,Diamante,50
267,38805,small_airport,Eduardo Castex Airport,-35.8805541992,-64.27388763430001,600.0,AR-L,Eduardo Castex,50
268,38806,small_airport,El Alamito Airport,-37.27361297607422,-70.38972473144531,3576.0,AR-Q,El Alamito,50
269,35336,small_airport,El Colorado Airport,-26.316686630249023,-59.33976364135742,269.0,AR-P,El Colorado,50
270,42830,small_airport,Estancia Caridad Airport,-43.72139,-71.24556,2427.0,AR-U,El Corcovado,50
271,38809,small_airport,El Corcovado Airport,-43.533599853515625,-71.48470306396484,1968.0,AR-U,El Corcovado - Esquel,50
272,5816,small_airport,El Dorado Airport,-26.397499084499998,-54.5746994019,685.0,AR-N,El Dorado,50
273,39044,small_airport,Chevron Texaco Airport,-37.365002000000004,-69.300278,2896.0,AR-Q,El Trapial,50
274,38814,small_airport,El Trebol Airport,-32.2153,-61.7161,301.0,AR-S,El Trebol,50
275,42810,small_airport,Burdisso Airport,-32.2406,-61.7583,364.0,AR-S,El Trebol,50
276,38719,small_airport,Anibal Brizi Airport,-31.4042,-60.8992,127.0,AR-S,Esperanza,50
277,38816,small_airport,Esperanza Airport,-31.4736,-60.8447,124.0,AR-S,Esperanza,50
278,38912,small_airport,Lago La Esperanza Airport,-42.217499,-71.805003,1836.0,AR-U,Esquel,50
279,38817,small_airport,Esquina Airport,-30.0489,-59.5353,127.0,AR-W,Esquina,50
280,39011,small_airport,San Vicente Airport,-26.9533004761,-54.4878005981,1804.0,AR-N,Fabiano,50
281,38892,small_airport,La Angelita Airport,-30.8522,-58.7067,229.0,AR-E,Federal,50
282,35332,small_airport,Fiambala Airport,-27.6422,-67.624702,5029.0,AR-K,Fiambala,50
283,38835,small_airport,Firmat Aeroclub Airport,-33.4289,-61.5108,344.0,AR-S,Firmat,50
284,42842,small_airport,Firmat Airport,-33.4661,-61.4842,344.0,AR-S,Firmat,50
285,38836,small_airport,Formosa Aeroclub Airport,-26.3014,-58.2983,229.0,AR-P,Formosa,50
286,49,small_airport,Frias Airport,-28.6343994141,-65.1091995239,1082.0,AR-G,Frias,50
287,38705,small_airport,Alagro Fumigaciones Airport,-32.8878,-60.8436,114.0,AR-S,Funes,50
288,38840,small_airport,Galvez Airport,-32.0322,-61.1758,173.0,AR-S,Galvez,50
289,42801,small_airport,Agroaire Airport,-27.4978,-61.6586,377.0,AR-H,Gancedo,50
290,42874,small_airport,Pulverizaciones M.H. Airport,-27.4831,-61.6486,318.0,AR-H,Gancedo,50
291,38920,small_airport,Las Marias Airport,-28.1,-56.05,410.0,AR-W,Gdor. Valentin Virasoro,50
292,39064,small_airport,General Acha Airport,-37.400798797600004,-64.61280059810001,908.0,AR-L,General Acha,50
293,42906,closed,General Alvear Airport,-35.9783,-59.9061,164.0,AR-B,General Alvear,50
294,29889,small_airport,General Alvear Airport,-35.058898925799994,-67.6928024292,1489.0,AR-M,General Alvear,50
295,38841,small_airport,General Alvear Aeroclub Airport,-34.9730987549,-67.7236022949,1528.0,AR-M,General Alvear,50
296,42846,small_airport,General Belgrano Airport,-24.745834,-65.418892,4136.0,AR-A,General Belgrano - Salta,50
297,38843,small_airport,General Deheza Airport,-32.745300293,-63.7957992554,898.0,AR-X,General Deheza,50
298,38844,small_airport,General La Madrid Airport,-37.2271995544,-61.2792015076,560.0,AR-B,General La Madrid,50
299,38846,small_airport,General Levalle Airport,-34.0038871765,-63.9308319092,614.0,AR-X,General Levalle,50
300,38847,small_airport,General Madariaga Airport,-37.0392,-57.1372,22.0,AR-B,General Madariaga,50
301,41557,small_airport,Caa Cati Airport,-27.755300521900004,-57.63299942020001,249.0,AR-W,General Paz,50
302,38769,small_airport,Cereales Anahi Ruca Airport,-35.6736106873,-63.7180557251,455.0,AR-L,General Pico,50
303,42867,small_airport,Ñancu Airport,-35.6161,-63.7508,446.0,AR-L,General Pico,50
304,38848,small_airport,General Pìnedo Airport,-27.3394,-61.2744,298.0,AR-H,General Pìnedo,50
305,38708,small_airport,Alfredo Sanchez Airport,-34.8011,-61.865,328.0,AR-B,General Pinto,50
306,38849,small_airport,General Pinto Airport,-34.7861,-61.9142,318.0,AR-B,General Pinto,50
307,5783,small_airport,Dr. Arturo H. Illia Airport,-39.0007019043,-67.6204986572,852.0,AR-R,General Roca,50
308,42847,small_airport,General San Martin (La Pampa) Airport,-37.94972,-63.6175,528.0,AR-L,General San Martin,50
309,35404,small_airport,General Villegas Airport,-35.0,-63.0,383.0,AR-B,General Villegas,50
310,42822,small_airport,El Girasol Airport,-33.6661,-59.8339,91.0,AR-B,Gobernador Castro,50
311,38852,small_airport,Gobernador Crespo Aeroclub Airport,-30.3878,-60.3656,170.0,AR-S,Gobernador Crespo,50
312,42800,small_airport,Agro Servicio Yoris Airport,-26.583054999999998,-64.529724,1043.0,AR-T,Gobernador Garmendia,50
313,5774,closed,Chamical Airport,-30.34530067,-66.29360198,1502.0,AR-F,Gobernador Gordillo,50
314,42838,small_airport,Estancia Villa Corina Airport,-28.035,-56.0678,403.0,AR-W,Gobernador Valentin Virasoro,50
315,38854,small_airport,Gomez Airport,-35.0956,-58.0853,62.0,AR-B,Gomez,50
316,38856,small_airport,Goya Aeroclub,-29.1678,-59.2464,124.0,AR-W,Goya,50
317,38883,small_airport,Italaviation Airport,-29.1608,-59.1814,209.0,AR-W,Goya,50
318,38859,small_airport,Agro Aereo Gualeguay Airport,-33.0386,-59.4383,52.0,AR-E,Gualeguay,50
319,42849,small_airport,Gualeguay Aeroclub Airport,-33.0994,-59.4172,49.0,AR-E,Gualeguay,50
320,38745,small_airport,Cabañas Airport,-32.9775,-58.5222,23.0,AR-E,Gualeguaychu,50
321,42833,small_airport,Estancia La Providencia Airport,-32.9411,-58.565,65.0,AR-E,Gualeguaychú,50
322,42850,closed,Guatraché Airport,-37.682800293,-63.550800323500006,574.0,AR-L,Guatraché,50
323,38868,small_airport,Henderson Airport,-36.314701080300004,-61.7477989197,492.0,AR-B,Henderson,50
324,38873,small_airport,Huanguelen Airport,-37.0330543518,-61.93416595460001,518.0,AR-B,Huanguelen,50
325,38874,small_airport,Huinca Renanco Airport,-34.8203010559,-64.3731002808,590.0,AR-X,Huinca Renanco,50
326,42828,small_airport,Establecimiento La Adelita Airport,-31.3925,-61.1431,164.0,AR-S,Humboldt,50
327,42844,small_airport,Fumigaciones Fredy Airport,-34.2361,-60.5819,176.0,AR-B,Hunter,50
328,42806,small_airport,Belingueres Aviación Airport,-34.2778,-60.5044,209.0,AR-B,Ines Indart,50
329,5825,small_airport,Cabo F.A.A. H. R. Bordón Airport,-41.3208999634,-69.5748977661,2925.0,AR-R,Ingeniero Jacobacci,50
330,38875,small_airport,Ingeniero Luiggi Airport,-35.3549995422,-64.4758300781,633.0,AR-L,Ingeniero Luiggi,50
331,38877,small_airport,Establecimiento La Susana,-34.909168,-59.348888,121.0,AR-B,Ingeniero Williams,50
332,38878,small_airport,Intendente Alvear Airport,-35.2592,-63.5328,416.0,AR-L,Intendente Alvear,50
333,42804,small_airport,Azcarate Irastorza Airport,-35.1994,-63.6008,416.0,AR-L,Intendente Alvear,50
334,38882,small_airport,Don Hector Biondi Airport,-33.2464,-62.4167,387.0,AR-X,Isla Verde,50
335,42855,small_airport,Islas Del Ibicuy Airport,-33.75,-58.7,19.0,AR-E,Islas del Ibicuy,50
336,39071,closed,Ituzaingo Airport,-27.5261001587,-56.6333007812,62.0,AR-W,Ituzaingo,50
337,41553,small_airport,Jachal Airport,-30.249500274699997,-68.740196228,3790.0,AR-J,Jachal,50
338,38884,small_airport,Jacinto Arauz Airport,-38.066101074200006,-63.4282989502,524.0,AR-L,Jacinto Arauz,50
339,38885,small_airport,Jardin De América Airport,-27.032499313400002,-55.19805526729999,672.0,AR-N,Jardin de América,50
340,38886,small_airport,Jesús Maria Airport,-30.988100051900002,-64.0768966675,1738.0,AR-X,Jesús Maria,50
341,38887,small_airport,Agropecuaria Rio Juramento Airport,-25.1867008209,-64.08280181880001,1184.0,AR-A,Joaquin V. Gonzalez,50
342,38826,small_airport,Estancia Nueva Lubecka Airport,-44.44194412231445,-70.44222259521484,2021.0,AR-U,Jose de San Martin,50
343,42860,small_airport,La Madrugada Airport,-38.0036,-59.3489,449.0,AR-B,Juan N. Fernández,50
344,38891,small_airport,Juarez Celman Airport,-31.2113895416,-64.1613922119,1680.0,AR-X,Juarez Celman,50
345,42873,small_airport,Puerta De Avalos Airport,-24.314679,-65.247198,3904.0,AR-Y,Jujuy,50
346,38740,small_airport,Blondi Airport,-34.61333465576172,-61.02305603027344,262.0,AR-B,Junin,50
347,42853,small_airport,Hosteria San Huberto Airport,-39.7038879395,-71.16999816890001,2810.0,AR-Q,Junin de Los Andes,50
348,42878,small_airport,San Ignacio Airport,-39.847499847399995,-70.8638916016,2267.0,AR-Q,Junin de Los Andes,50
349,42856,small_airport,La Carlota Airport,-33.450000762900004,-63.3499984741,505.0,AR-X,La Carlota,50
350,38897,small_airport,La Consulta Airport,-33.7308349609375,-69.17388916015625,3520.0,AR-M,La Consulta,50
351,30055,small_airport,La Cumbre Airport,-31.005800247199996,-64.5318984985,3733.0,AR-X,La Cumbre,50
352,38899,small_airport,La Laja Airport,-31.3513889313,-68.47305297850001,2132.0,AR-J,La Laja,50
353,30062,small_airport,La Paz Airport,-30.7833,-59.6,200.0,AR-E,La Paz,50
354,38905,small_airport,La Paz Aeroclub Airport,-30.7442,-59.5683,200.0,AR-E,La Paz,50
355,38906,small_airport,La Pelada Airport,-30.9556,-60.8858,144.0,AR-S,La Pelada,50
356,38815,small_airport,Elizalde Airport,-34.9747,-57.9614,22.0,AR-B,La Plata,50
357,5798,small_airport,La Quiaca Airport,-22.1506004333,-65.57749938959999,11414.0,AR-Y,La Quiaca,50
358,38909,small_airport,Laborde Airport,-33.1567,-62.8906,400.0,AR-X,Laborde,50
359,5814,small_airport,Laboulaye Airport,-34.1353988647,-63.362300872799985,449.0,AR-X,Laboulaye,50
360,39068,small_airport,Caviahue Airport,-37.851397999999996,-71.009201,5435.0,AR-Q,Lafontaine,50
361,38910,small_airport,Lago Buenos Aires Airport,-46.576400756800005,-70.948600769,1312.0,AR-Z,Lago Buenos Aires,50
362,38915,small_airport,Laguna De Gomez Airport,-34.6539,-61.01,262.0,AR-B,Laguna de Gomez,50
363,39059,small_airport,Laguna Larga Airport,-31.0,-63.0,1013.0,AR-X,Laguna Larga,50
364,38916,small_airport,Laprida Airport,-37.518901825,-60.7769012451,705.0,AR-B,Laprida,50
365,38935,small_airport,Los Perales Airport,-46.190799713100006,-69.28029632570001,1397.0,AR-Z,Las Heras,50
366,44,small_airport,Las Lajas Airport,-38.538898468,-70.337097168,2788.0,AR-Q,Las Lajas,50
367,31832,small_airport,Alferez Armando Rodriguez Airport,-24.7213993073,-60.5488014221,426.0,AR-P,Las Lomitas,50
368,38921,small_airport,Las Ovejas Airport,-36.999699,-70.741897,3936.0,AR-Q,Las Ovejas,50
369,42870,small_airport,Petruk Airport,-27.0878,-58.6694,177.0,AR-H,Las Palmas,50
370,38810,small_airport,El Gaucho Airport,-32.6294,-61.5444,344.0,AR-S,Las Parejas,50
371,38922,small_airport,Las Rosas Airport,-32.4922,-61.5806,334.0,AR-S,Las Rosas,50
372,38923,small_airport,Las Varillas Airport,-31.8914,-62.7047,442.0,AR-X,Las Varillas,50
373,42848,small_airport,Ginevro Airport,-31.864445,-62.844166,475.0,AR-X,Las Varillas,50
374,38926,small_airport,Leones Airport,-32.6368,-62.3148,373.0,AR-X,Leones,50
375,42858,small_airport,La Esmeralda Airport,-29.9939,-57.8378,265.0,AR-W,Libertad,50
376,38904,small_airport,La Nueva Airport,-34.9464,-61.3042,246.0,AR-B,Lincoln,50
377,38928,small_airport,Lincoln Airport,-34.8911,-61.5306,285.0,AR-B,Lincoln,50
378,38824,small_airport,Estancia Llamuco Airport,-38.79944610595703,-70.43472290039062,3924.0,AR-Q,Llamuco,50
379,38930,small_airport,Loberia Airport,-38.1906,-58.7864,265.0,AR-B,Loberia,50
380,38931,small_airport,Nika Airport,-38.1478,-58.7542,262.0,AR-B,Lobería,50
381,42797,small_airport,Loncopue Airport,-38.081902,-70.643898,3627.0,AR-Q,Loncopue,50
382,48,small_airport,Londres/Belén Airport,-27.707899093600002,-67.0951004028,3936.0,AR-K,Londres/Belén,50
383,38933,small_airport,Los Cardos Airport,-32.2719,-61.6622,341.0,AR-S,Los Cardos,50
384,35334,small_airport,Los Cerros Airport,-54.34410095214844,-67.83290100097656,1914.0,AR-V,Los Cerros,50
385,42808,small_airport,Buena Esperanza Airport,-30.5306,-58.3972,246.0,AR-E,Los Conquistadores,50
386,35405,small_airport,Los Menucos Airport,-40.817699,-68.074699,2571.0,AR-R,Los Menucos,50
387,42829,small_airport,Establecimiento La Florencia Airport,-33.0769,-61.3178,246.0,AR-S,Los Molinos,50
388,38898,closed,La Fantasia,-34.7286,-59.109402,111.0,AR-B,Lujan,50
389,42839,small_airport,Estancia Villa María,-34.6433,-59.1272,104.0,AR-B,Luján,50
390,42865,closed,Match Point Airport,-34.5161,-59.1339,82.0,AR-B,Luján,50
391,38937,small_airport,Macachin Airport,-37.1110992432,-63.5499992371,459.0,AR-L,Macachin,50
392,38807,small_airport,Establecimiento El Araza Airport,-36.7756,-57.6414,305.0,AR-B,Maipu,50
393,38939,small_airport,Maipu Airport,-36.8903,-57.8503,52.0,AR-B,Maipu,50
394,42864,small_airport,Malabrigo Airport,-29.35,-59.9667,177.0,AR-S,Malabrigo,50
395,30113,small_airport,Maquinchao Airport,-41.2430992126,-68.70780181880001,2912.0,AR-R,Maquinchao,50
396,38966,small_airport,Parque Hermoso Airport,-38.0287,-57.6393,196.0,AR-B,Mar Del Plata,50
397,42813,small_airport,Club De Planeadores Airport,-38.0153,-57.6536,147.0,AR-B,Mar del Plata,50
398,42835,small_airport,Estancia Lucila Airport,-38.3086,-58.105,72.0,AR-B,Mar del Sur,50
399,5799,small_airport,Marcos Juarez Airport,-32.6836,-62.157801,360.0,AR-X,Marcos Juarez,50
400,42802,small_airport,Agrocelta Servicios Aereos Airport,-33.8867,-60.8628,269.0,AR-B,Mariano H. Alfonzo,50
401,38944,small_airport,Meliquina Airport,-40.33530044555664,-71.33920288085938,3061.0,AR-Q,Meliquina,50
402,30130,small_airport,Mendoza Airpark,-32.8652992249,-68.87190246579999,2694.0,AR-M,Mendoza,50
403,42837,small_airport,Estancia Santa Romana Airport,-33.753334,-65.246391,1548.0,AR-D,Mercedes,50
404,30131,small_airport,Mercedes Airport,-29.2213993073,-58.087799072299994,358.0,AR-W,Mercedes,50
405,41550,closed,Merlo Airport,-34.680283,-58.742658,49.0,AR-B,Merlo,50
406,38948,small_airport,Metán Airport,-25.5144004822,-64.9655990601,2765.0,AR-A,Metan,50
407,38949,small_airport,Mina Clavero Airport,-31.7331008911,-64.98560333249999,3181.0,AR-X,Mina Clavero,50
408,24,small_airport,Miramar Airport,-38.2271,-57.8697,42.0,AR-B,Miramar,50
409,38738,small_airport,Bellamar Airport,-38.3858,-58.1336,42.0,AR-B,Miramar,50
410,38919,small_airport,Las Cortaderas Airport,-38.3547,-58.1089,52.0,AR-B,Miramar,50
411,42845,small_airport,Fumigaciones González Airport,-32.3589,-60.9797,98.0,AR-S,Monje,50
412,42868,small_airport,Pedro Ferrari Airport,-32.9278,-62.4336,354.0,AR-X,Monte Buey,50
413,42826,small_airport,El Pilincho Airport,-30.3872,-57.9683,228.0,AR-W,Monte Caseros,50
414,42885,small_airport,Timboy Airport,-30.2236,-57.8444,213.0,AR-W,Monte Caseros,50
415,41549,closed,Monte Grande Airport,-34.805599,-58.492001,30.0,AR-B,Monte Grande,50
416,38951,small_airport,Monte Maiz Airport,-33.2103,-62.6297,370.0,AR-X,Monte Maiz,50
417,39062,small_airport,Monte Quemado Airport,-25.783563,-62.82884,722.0,AR-G,Monte Quemado,50
418,38952,small_airport,Montecarlo Airport,-26.5438995361,-54.7238998413,787.0,AR-N,Montecarlo,50
419,39016,small_airport,Scaro Airport,-24.4480552673,-65.1758346558,3228.0,AR-Y,Monterrico,50
420,42866,small_airport,Montes De Oca Airport,-32.5811,-61.8408,62.0,AR-S,Montes de Oca,50
421,38697,small_airport,Aeroboero Airport,-30.7286,-62.0078,314.0,AR-X,Morteros,50
422,38955,small_airport,Morteros Airport,-30.6778,-62.0267,308.0,AR-X,Morteros,50
423,38913,small_airport,Lago Nahuel Huapi Airport,-41.0971984863,-71.17780303960002,2558.0,AR-R,Nahuel Huapi,50
424,42854,small_airport,Iriberri Airport,-38.4769,-58.8056,108.0,AR-B,Necochea,50
425,28,small_airport,Loma La Lata Airport,-38.413799,-68.737297,1328.0,AR-Q,Neuquen,50
426,38889,small_airport,Juan Carlos Bagur Airport,-32.4186,-59.8158,190.0,AR-E,Nogoya,50
427,38957,small_airport,Nogoya Airport,-32.4025,-59.7461,137.0,AR-E,Nogoya,50
428,30202,small_airport,Nueve De Julio Airport,-35.3997,-60.9358,246.0,AR-B,Nueve de Julio,50
429,5818,small_airport,Oberá Airport,-27.518199920700003,-55.1241989136,1125.0,AR-N,Oberá,50
430,38701,small_airport,Olavarria Aeroclub Airport,-36.9644012451,-60.275798797600004,606.0,AR-B,Olavarria,50
431,38960,small_airport,Oliva Airport,-32.060798645,-63.5469017029,879.0,AR-X,Oliva,50
432,38964,small_airport,Parana Aeroclub Airport,-31.7578,-60.3733,196.0,AR-E,Parana,50
433,38965,small_airport,Parana Club De Planeadores Airport,-31.7314,-60.22,151.0,AR-E,Parana,50
434,39075,small_airport,Paso De Los Indios Airport,-43.8666992188,-69.05000305179999,575.0,AR-U,Paso de los Indios,50
435,42863,small_airport,Las Lilas Airport,-35.1328,-62.2175,350.0,AR-B,Pasteur,50
436,38967,small_airport,Pedro Luro Airport,-39.4561,-62.6747,88.0,AR-B,Pedro Luro,50
437,42861,small_airport,La Mariela Airport,-35.7828,-61.9342,282.0,AR-B,Pehuajó,50
438,38968,small_airport,Pellegrini Airport,-36.2828,-63.1342,370.0,AR-B,Pellegrini,50
439,39073,small_airport,Piedra Del Aguila Airport,-40.192199707,-70.0100021362,2128.0,AR-Q,Piedra del Aguila,50
440,41546,small_airport,Pilar Airport,-31.681999206500002,-63.8638000488,1072.0,AR-X,Pilar,50
441,38970,small_airport,Pilcaniyeu Airport,-41.12666702270508,-70.7138900756836,3192.0,AR-R,Pilcaniyeu,50
442,42834,small_airport,Estancia La Salvación Airport,-25.2767,-58.9375,321.0,AR-P,Pirane,50
443,38973,small_airport,Poblet Airport,-35.0881,-57.9492,65.0,AR-B,Poblet,50
444,38742,small_airport,Bonetti Airport,-27.6041660309,-55.863887786899994,462.0,AR-N,Posadas,50
445,38977,small_airport,Posadas Aeroclub Airport,-27.417499542236328,-55.93972396850586,443.0,AR-N,Posadas,50
446,42832,small_airport,Estancia La Leonor Airport,-26.1494,-59.6672,285.0,AR-H,Presidencia Roca,50
447,35409,closed,Saenz Peña Airport,-26.81579971313477,-60.44829940795898,20.0,AR-H,Presidencia Roque Sáenz Peña,50
448,42884,small_airport,Termal Airport,-26.753611,-60.492222,308.0,AR-H,Presidencia Roque Sáenz Peña,50
449,38979,small_airport,Puán Airport,-37.539398193400004,-62.7341995239,787.0,AR-B,Puán,50
450,42809,small_airport,Buenos Aires Airport,-33.859722,-59.468887,85.0,AR-B,"Pueblo Alsina, Baradero",50
451,39081,small_airport,Puelches Airport,-38.1451034546,-65.9229431152,180.0,AR-L,Puelches,50
452,35330,small_airport,Puerto Deseado West Airport,-47.7201004028,-65.93240356449999,271.0,AR-Z,Puerto Deseado,50
453,32244,closed,Mazaruca Airport,-33.596001,-59.266998,20.0,AR-E,Puerto Ibicuy/Mazuraca,50
454,35331,small_airport,Puerto Rosales Airport,-38.89709854125977,-62.01029968261719,16.0,AR-B,Puerto Rosales,50
455,38981,small_airport,Terminal 6 Airport,-32.6417,-60.7539,85.0,AR-S,Puerto San Martín,50
456,42859,small_airport,La Lucía Airport,-33.0119,-61.0608,239.0,AR-S,Pujato,50
457,42871,small_airport,Pettilep Airport,-33.005,-61.0194,200.0,AR-S,Pujato,50
458,38982,small_airport,Pulmari Airport,-39.10055541992188,-70.99888610839844,3245.0,AR-Q,Pulmari,50
459,38983,small_airport,Punta Alta Airport,-38.8342,-62.0869,9.0,AR-B,Punta Alta,50
460,41554,small_airport,Punta De Vacas Airport,-32.854598999000004,-69.7604980469,7906.0,AR-M,Punta de Vacas,50
461,22,small_airport,Quemu Quemu Airport,-36.0587,-63.6313,396.0,AR-L,Quemu Quemu,50
462,38953,small_airport,Moromar Airport,-38.4164,-58.3839,49.0,AR-B,Quequen,50
463,39067,small_airport,Rafaela Airport,-31.2825,-61.5017,325.0,AR-S,Rafaela,50
464,38986,small_airport,La Igualdad Airport,-35.5133,-58.3531,59.0,AR-B,Ranchos,50
465,38702,small_airport,Rauch Airport,-36.7717,-59.0575,308.0,AR-B,Rauch,50
466,38987,small_airport,Rawson Airport,-43.2944,-65.0644,36.0,AR-U,Rawson,50
467,38988,small_airport,Realicó Airport,-35.0592002869,-64.21109771729999,541.0,AR-L,Realicó,50
468,41556,closed,Resistencia (City) Airport,-27.465700149499998,-58.979000091599985,175.0,AR-H,Resistencia,50
469,42798,small_airport,Aeroclub Chaco Airport,-27.6311,-59.1797,164.0,AR-H,Resistencia,50
470,38989,small_airport,Nueva Valencia Airport,-27.5864,-58.8203,186.0,AR-W,Riachuelo,50
471,38990,small_airport,Don Jose Airport,-32.8275,-60.7817,82.0,AR-S,Ricardone,50
472,42872,small_airport,Pettilep II Airport,-32.8039,-60.7989,180.0,AR-S,Ricardone,50
473,35335,small_airport,Rio Bellavista Airport,-53.98270034790039,-68.52359771728516,201.0,AR-V,Rio Bellavista,50
474,38832,small_airport,Estindher Airport,-33.0931015015,-64.42919921880001,1531.0,AR-X,Rio Cuarto,50
475,38991,small_airport,Rio Chico Airport,-51.6686,-69.2603,68.0,AR-Z,Rio Gallegos,50
476,39069,small_airport,Las Termas Airport,-27.4737,-64.905502,270.0,AR-G,Rio Hondo,50
477,42811,closed,Carlos Saqui Airport,-31.63500022888184,-63.86109924316406,1066.0,AR-X,Rio Segundo,50
478,39070,small_airport,Rio Tercero Airport,-32.173302,-64.088303,1246.0,AR-X,Rio Tercero,50
479,41545,small_airport,Rivadavia Airport,-24.188600540200003,-62.8833999634,679.0,AR-A,Rivadavia,50
480,38704,small_airport,Aerotec Airport,-33.206943511999995,-68.492225647,2181.0,AR-M,Rivadavia,50
481,38993,small_airport,Rivadavia Airport,-33.227222442599995,-68.4741668701,2162.0,AR-M,Rivadavia,50
482,38994,small_airport,Rojas Airport,-34.215,-60.6725,19.0,AR-B,Rojas,50
483,38980,small_airport,Pueblo Esther Airport,-33.0817,-60.5647,82.0,AR-S,Rosario,50
484,38995,small_airport,Rosario De La Frontera Airport,-25.8280563354,-64.9680557251,2746.0,AR-A,Rosario de La Frontera,50
485,38996,small_airport,Rosario Del Tala Airport,-32.3289,-59.1906,177.0,AR-E,Rosario Del Tala,50
486,38997,small_airport,Rufino Airport,-34.2831,-62.6719,387.0,AR-S,Rufino,50
487,38803,small_airport,Saavedra Airport,-37.750242,-62.33425,1040.0,AR-B,Saavedra,50
488,18,small_airport,Santa Rita Airport,-35.8283,-60.1467,177.0,AR-B,Saladillo,50
489,41558,small_airport,Salar De Cauchari Airport,-24.0191993713,-66.797203064,13000.0,AR-Y,Salar de Cauchari,50
490,42875,small_airport,Saldungaray Airport,-38.216388702399996,-61.750831604,747.0,AR-B,Saldungaray,50
491,42880,small_airport,Santo Tomás De La Sierra Airport,-38.2666664124,-61.8333320618,895.0,AR-B,Saldungaray,50
492,38998,small_airport,Salliqueló Airport,-36.756401061999995,-62.9444007874,475.0,AR-B,Salliqueló,50
493,30,small_airport,Santa Victoria Airport,-22.2856998444,-62.7136993408,918.0,AR-A,Salta,50
494,42883,small_airport,Skare Airport,-34.3571833134,-60.1559829712,196.0,AR-B,Salto,50
495,38914,small_airport,Laguna Aeroclub Airport,-34.408889770507805,-59.45833206176758,148.0,AR-B,San Andres de Giles,50
496,38929,small_airport,El Mirador,-34.538887,-59.585278,167.0,AR-B,San Andres de Giles,50
497,38969,small_airport,LAD 2198 Juan Jose Angelini,-34.426945,-59.480278000000006,164.0,AR-B,San Andres de Giles,50
498,42851,small_airport,Haras La Pomme Airport,-34.2078,-59.3856,91.0,AR-B,San Antonio de Areco,50
499,35410,closed,(Old) Antoine De Saint Exupery Airport,-40.7401008606,-64.9804992676,85.0,AR-R,San Antonio Oeste,50
500,39000,small_airport,San Benito Airport,-31.8086,-60.4517,193.0,AR-E,San Benito,50
501,41555,small_airport,San Carlos Airport,-33.775699615499995,-69.0537033081,3050.0,AR-M,San Carlos,50
502,39001,small_airport,San Cayetano Heliport,-38.33388900756836,-59.63027954101562,328.0,AR-B,San Cayetano,50
503,42876,small_airport,San Cayetano Airport,-38.3339,-59.6303,328.0,AR-B,San Cayetano,50
504,39002,small_airport,San Cristobal Airport,-30.2642,-61.2203,242.0,AR-S,San Cristobal,50
505,39003,small_airport,San Francisco Airport,-31.4142,-62.1336,374.0,AR-X,San Francisco,50
506,42877,small_airport,San Gregorio Airport,-34.3169,-62.0192,347.0,AR-S,San Gregorio,50
507,39006,small_airport,San Jorge Airport,-31.8836,-61.8442,347.0,AR-S,San Jorge,50
508,42807,small_airport,Bocca Airport,-31.8711,-61.9511,344.0,AR-S,San Jorge,50
509,42879,small_airport,San José De La Dormida Airport,-30.277500152600002,-63.8574981689,1387.0,AR-X,San José de La Dormida,50
510,46,small_airport,San Juan Aeroclub Airport,-31.6028003693,-68.5473022461,2079.0,AR-J,San Juan,50
511,39007,small_airport,San Justo Airport,-30.7642,-60.5653,180.0,AR-S,San Justo,50
512,39008,small_airport,Aeroclub San Martín,-33.061883,-68.50864399999999,2154.0,AR-M,San Martin,50
513,45,small_airport,Jujuy Aeroclub Airport,-24.2364997864,-65.2690963745,4047.0,AR-Y,San Salvador de Jujuy,50
514,38857,small_airport,Guadalupe Airport,-31.584,-60.668,59.0,AR-S,Santa Fe,50
515,5772,small_airport,Cap D. Omar Darío Gelardi Airport,-31.4419002533,-64.2582015991,1594.0,AR-X,Santa Isabel - Córdoba,50
516,47,small_airport,Santa Maria Airport,-26.673400878900004,-66.0240020752,5904.0,AR-K,Santa Maria,50
517,38837,small_airport,Fortín De Gainza Airport,-34.5494,-63.1225,426.0,AR-B,Santa Regina,50
518,38853,small_airport,Gobernador Santillán Airport,-27.90139961242676,-64.24970245361328,689.0,AR-G,Santiago Del Estero,50
519,39013,small_airport,Santo Tome Airport,-28.5272216796875,-56.10944366455078,223.0,AR-W,Santo Tome,50
520,39074,small_airport,Lago Musters Airport,-45.5752,-69.077,889.0,AR-U,Sarmiento,50
521,38839,small_airport,Fumigaciones Stadler Airport,-32.5786,-60.9119,121.0,AR-S,Serodino,50
522,30414,small_airport,Sierra Grande Airport,-41.5917015076,-65.33940124509999,688.0,AR-R,Sierra Grande,50
523,42805,small_airport,Bahía Dorada Airport,-41.8428,-65.0822,118.0,AR-R,Sierra Grande,50
524,39019,small_airport,Stroeder Airport,-40.2106,-62.6175,91.0,AR-B,Stroeder,50
525,39021,small_airport,Sunchales Aeroclub Airport,-30.9575,-61.5283,311.0,AR-S,Sunchales,50
526,23,small_airport,Estancia La Estrella Airport,-37.559398651100004,-58.6660003662,456.0,AR-B,Tandil,50
527,38703,small_airport,Tandil Aeroclub Airport,-37.26559829711914,-59.093299865722656,583.0,AR-B,Tandil,50
528,42815,small_airport,Comandante Eduardo A. Olivero Airport,-37.36666870117188,-58.96666717529297,633.0,AR-B,Tandil,50
529,42840,small_airport,F.A.T. Airport,-34.1767,-61.5069,285.0,AR-S,Teodelina,50
530,39027,small_airport,Tilisarao Airport,-32.75,-65.28220367429999,2463.0,AR-D,Tilisarao,50
531,5791,closed,Tinogasta Airport,-28.037801,-67.580299,3968.0,AR-K,Tinogasta,50
532,41560,small_airport,Tolwin Observatory Airport,-54.521900177,-67.1989974976,90.0,AR-V,Tolwin (Lago Fagnano)/observatorio MET(TAIS),50
533,39030,small_airport,Tornquist Airport,-38.095600128200005,-62.2503013611,934.0,AR-B,Tornquist,50
534,42836,small_airport,Estancia San Vicente Airport,-32.9989,-61.7781,229.0,AR-S,Tortugas,50
535,39031,small_airport,Tostado Airport,-29.2358,-61.7886,226.0,AR-S,Tostado,50
536,41,small_airport,Trelew Aeroclub Airport,-43.2356,-65.3241,127.0,AR-U,Trelew,50
537,38893,small_airport,Trenque Lauquen Airport,-36.0158,-62.6939,324.0,AR-B,Trenque Lauquen,50
538,39066,small_airport,Ñanco Lauquen Airport,-35.9715,-62.7724,301.0,AR-B,Trenque Lauquen,50
539,42869,small_airport,Petrazzini Airport,-38.3478,-60.2761,350.0,AR-B,Tres Arroyos,50
540,42886,small_airport,Trevelin Airport,-43.08797,-71.47868000000001,1245.0,AR-U,Trevelin,50
541,38936,small_airport,Los Tucanes Airport,-27.0358333588,-65.1566696167,1194.0,AR-T,Tucuman,50
542,39045,small_airport,Horco Molle Aeroclub Airport,-26.796100616500002,-65.3091964722,1902.0,AR-T,Tucumán,50
543,39047,small_airport,Urdinarrain Airport,-32.6964,-58.8992,216.0,AR-E,Urdinarrain,50
544,32247,small_airport,Uspallata Airport,-32.538898468,-69.3458023071,6525.0,AR-M,Uspallata,50
545,35412,small_airport,Valcheta Airport,-40.7000007629,-66.1500015259,629.0,AR-R,Valcheta,50
546,41552,small_airport,Valle Hermoso Airport,-35.1461982727,-70.2053985596,2500.0,AR-M,Valle Hermoso,50
547,38756,small_airport,Vedia Aeroclub,-34.4817,-61.4903,291.0,AR-B,Vedia,50
548,39048,small_airport,Veinticinco De Mayo Airport,-35.4464,-60.0886,164.0,AR-B,Veinticinco De Mayo,50
549,39049,small_airport,Vera Airport,-29.4681,-60.2261,190.0,AR-S,Vera,50
550,39050,small_airport,Veronica Airport,-35.4,-57.3667,55.0,AR-B,Veronica,50
551,39051,small_airport,Victoria Airport,-32.5844,-60.1847,75.0,AR-E,Victoria,50
552,39052,small_airport,Victorica Airport,-36.2374992371,-65.450553894,1020.0,AR-L,Victorica,50
553,38942,small_airport,Martín Fierro Airport,-33.9402999878,-64.3696975708,754.0,AR-X,Vicuña Mackena,50
554,39072,small_airport,Villa Angela Airport,-27.5915,-60.6864,246.0,AR-H,Villa Angela,50
555,39020,small_airport,Suboficial Auxiliar Miguel A. Cardone Airport,-33.9617,-61.6325,337.0,AR-S,Villa Cañas,50
556,38696,small_airport,Acindar Airport,-33.2647,-60.2842,82.0,AR-S,Villa Constitución,50
557,41548,small_airport,Villa De Soto Airport,-30.8652000427,-64.97899627689999,2013.0,AR-X,Villa de Soto,50
558,39053,small_airport,Villa Del Rosario Airport,-31.579313,-63.539184,830.0,AR-X,Villa Del Rosario,50
559,41547,small_airport,Villa General Mitre Airport,-30.7005996704,-64.0430984497,1760.0,AR-X,Villa General Mitre,50
560,39063,small_airport,Villa Maria Airport,-32.389400482199996,-63.258598327600005,672.0,AR-X,Villa Maria del Rio Seco,50
561,38818,small_airport,Estancia Don Roberto Airport,-34.0013999939,-65.366897583,1430.0,AR-D,Villa Mercedes,50
562,15,small_airport,Villa Minetti Airport,-28.6201,-61.6038,246.0,AR-S,Villa Minetti,50
563,39055,small_airport,Villa Ocampo Airport,-28.4969,-59.3256,160.0,AR-S,Villa Ocampo,50
564,39056,small_airport,Villa Regina Airport,-39.073600769,-67.08000183109999,934.0,AR-R,Villa Regina,50
565,39057,small_airport,Villa Rumipal Airport,-32.1850013733,-64.4882965088,2184.0,AR-X,Villa Rumipal,50
566,30530,small_airport,Villaguay Airport,-31.855,-59.0756,131.0,AR-E,Villaguay,50
567,42824,small_airport,El Jagüel Airport,-31.7994,-59.0339,200.0,AR-E,Villaguay,50
568,42825,small_airport,El Malagueño Airport,-31.6994,-59.4006,180.0,AR-E,Villaguay,50
569,42888,small_airport,Yapeyú Airport,-29.443929999999998,-56.823915,214.0,AR-W,Yapeyú,50
570,39042,heliport,Almafuerte / Transener S.A. Heliport,-32.203,-64.315,1640.0,AR-X,Almafuerte,25
571,38890,heliport,Juan Y Luci Heliport,-32.6922,-64.7206,2404.0,AR-X,Alpa Corral,25
572,38961,heliport,Oreste Berta Heliport,-31.6269,-64.3922,1869.0,AR-X,Alta Gracia,25
573,38976,heliport,Polisur S.A. Heliport,-38.7742,-62.2939,16.0,AR-B,Bahía Blanca,25
574,38972,heliport,Planta Cruz Del Sur Heliport,-53.3228,-68.2658,173.0,AR-V,Bahía San Sebastián,25
575,39037,heliport,Transener S.A. Heliport,-33.0989,-68.5819,2220.0,AR-M,Barreales,25
576,38744,heliport,Cabaña San Isidro Labrador Heliport,-34.3783,-58.7883,39.0,AR-B,Belén De Escobar,25
577,38925,heliport,Legat S.A. Heliport,-34.3168,-58.8166,16.0,AR-B,Belén De Escobar,25
578,38872,heliport,Hospital Nac. De Pediatría J. Garraham Heliport,-34.6308,-58.3936,127.0,AR-B,Buenos Aires,25
579,38726,heliport,Autodromo Ciudad De Bs. As. Heliport,-34.6939,-58.46,16.0,AR-C,Buenos Aires,25
580,38732,heliport,B. Churruca Heliport,-34.6407,-58.4094,19.0,AR-C,Buenos Aires,25
581,38766,heliport,Centinela Heliport,-34.5822,-58.3744,42.0,AR-C,Buenos Aires,25
582,38798,heliport,Darsena Sur Heliport,-34.6278,-58.3515,16.0,AR-C,Buenos Aires,25
583,38801,heliport,Dines ( Dr. E. Escudero) Heliport,-34.5726,-58.4005,19.0,AR-C,Buenos Aires,25
584,38838,heliport,Fuerza Aérea(Edificio Cóndor) Heliport,-34.5858,-58.3681,19.0,AR-C,Buenos Aires,25
585,38938,heliport,Madero Heliport,-34.6217,-58.3447,16.0,AR-C,Buenos Aires,25
586,38962,heliport,P.N.A. Of. Ppal. Ballestra Heliport,-34.5772,-58.3838,19.0,AR-C,Buenos Aires,25
587,38978,heliport,Presidencia De La Nación Heliport,-34.6064,-58.3683,26.0,AR-C,Buenos Aires,25
588,39012,heliport,Sanatorio Guemes Heliport,-34.597,-58.4219,268.0,AR-C,Buenos Aires,25
589,39022,heliport,Swiss Medical Heliport,-34.5808,-58.4294,193.0,AR-C,Buenos Aires,25
590,38748,heliport,Cabo Vírgenes Heliport,-52.3278,-68.4092,180.0,AR-Z,Cabo Vírgenes,25
591,39032,heliport,Transener S.A. Heliport,-34.175,-58.9983,32.0,AR-B,Campana,25
592,38901,heliport,La Madrugada Heliport,-34.2382,-59.1915,85.0,AR-B,Capilla Del Señor,25
593,38917,heliport,Las Araucarias Heliport,-34.3067,-59.1703,82.0,AR-B,Capilla Del Señor,25
594,38934,heliport,Los Fresnos Heliport,-34.2806,-59.12,111.0,AR-B,Capilla Del Señor,25
595,39005,heliport,San Joaquín Heliport,-34.3344,-59.7139,137.0,AR-B,Carmen De Areco,25
596,38831,heliport,Estancia Santa Isabel Heliport,-39.8847,-70.5136,3116.0,AR-Q,Catan Lil,25
597,38808,heliport,El Capricho Heliport,-34.2325,-59.3158,98.0,AR-B,Chenaut,25
598,39039,heliport,Transener S.A. Heliport,-39.5675,-65.6886,426.0,AR-R,Choele Choel,25
599,38903,heliport,La Milagrosa Heliport,-32.4828,-58.2506,49.0,AR-E,Concepcion Del Uruguay,25
600,39023,heliport,Talitas Heliport,-32.5481,-58.2406,26.0,AR-E,Concepcion Del Uruguay,25
601,38750,heliport,Campo De Vuelo Heliport,-31.3689,-64.2636,1515.0,AR-X,Cordoba,25
602,38762,heliport,Casa De Gobierno Heliport,-31.4306,-64.1842,1420.0,AR-X,Cordoba,25
603,38780,heliport,Ciudad Universitaria Heliport,-31.4406,-64.1894,1443.0,AR-X,Cordoba,25
604,38974,heliport,Policía Provincia De Córdoba Heliport,-31.3994,-64.1833,1293.0,AR-X,Cordoba,25
605,38984,heliport,Raies Heliport,-31.3461,-64.2081,1459.0,AR-X,Cordoba,25
606,38895,heliport,La Caldera Heliport,-36.6669,-56.6789,32.0,AR-B,Costa Azul,25
607,38860,heliport,Helicenter Heliport,-34.4975,-58.6069,113.0,AR-B,Don Torcuato,25
608,39025,heliport,Tecnocopter S.A. Heliport,-34.4922,-58.6061,65.0,AR-B,Don Torcuato,25
609,39028,heliport,Timen S.A. Heliport,-34.4964,-58.6078,19.0,AR-B,Don Torcuato,25
610,39041,heliport,Transener S.A. Heliport,-26.9936,-65.1636,1239.0,AR-T,El Bracho,25
611,38830,heliport,Estancia Santa Ana Heliport,-51.6839,-71.9689,665.0,AR-Z,El Turbio,25
612,38767,heliport,Central Nuclear Heliport,-32.2294,-64.44,1738.0,AR-X,Embalse Rio Tercero,25
613,39033,heliport,Transener S.A. Heliport,-34.9136,-58.7222,65.0,AR-B,Ezeiza,25
614,38950,heliport,Miraflores Country Club Heliport,-34.4461,-58.7342,68.0,AR-B,Garin,25
615,39046,heliport,Unidad Penitenciaria N° 30 Heliport,-36.0444,-60.0167,180.0,AR-B,General Alvear,25
616,39004,heliport,San Isidro Labrador Heliport,-35.0814,-63.0822,377.0,AR-B,General Villegas,25
617,38940,heliport,Manuel Afonso Heliport,-34.815,-58.1953,36.0,AR-B,Hudson,25
618,38730,heliport,Azcarate Irastorza Heliport,-35.1994,-63.6008,416.0,AR-L,Intendente Alvear,25
619,38879,heliport,Intendente Alvear Heliport,-35.2494,-63.5342,416.0,AR-L,Intendente Alvear,25
620,38827,heliport,Estancia Palitue Heliport,-39.8528,-71.0464,2817.0,AR-Q,Junin De Los Andes,25
621,38896,heliport,La Carolina Heliport,-31.3525,-64.2828,1485.0,AR-X,La Carolina,25
622,38959,heliport,Oficial Subinspector Gustavo Soarez De Souza Heliport,-34.7236,-58.515,141.0,AR-B,La Matanza,25
623,39026,heliport,Terminal Y.P.F. Heliport,-34.7322,-58.5589,32.0,AR-B,La Matanza,25
624,38795,heliport,D.P.A.O. Heliport,-34.9597,-57.8928,62.0,AR-B,La Plata,25
625,38804,heliport,Ecodyma S.C.A. Heliport,-34.9408,-57.9919,45.0,AR-B,La Plata,25
626,38975,heliport,Policlinico San Martin Heliport,-34.9167,-57.9167,68.0,AR-B,La Plata,25
627,38911,heliport,Lago Escondido Heliport,-41.7033,-71.6075,2722.0,AR-R,Lago Escondido,25
628,38819,heliport,Estancia Haychol Heliport,-38.6481,-70.6775,3447.0,AR-Q,Las Lajas,25
629,38943,heliport,Match Point Heliport,-34.5161,-59.1339,82.0,AR-B,Lujan,25
630,39018,heliport,Sol De Agosto Heliport,-34.5331,-58.9714,32.0,AR-B,Lujan,25
631,39034,heliport,Transener S.A. Heliport,-32.3694,-66.0631,1968.0,AR-D,Lujan,25
632,39015,heliport,Saturnino Unzue Heliport,-35.4244,-60.1561,164.0,AR-B,Mar del Plata,25
633,38695,heliport,Abel Monteverde Heliport,-32.9208,-62.4663,2646.0,AR-X,Monte Buey,25
634,39043,heliport,Montecristo / Transener S.A. Heliport,-31.3392,-63.9138,1082.0,AR-X,Monte Cristo,25
635,38867,heliport,Heliwest Heliport,-34.6336,-58.7511,71.0,AR-B,Moreno,25
636,38954,heliport,Morrison Heliport,-32.0,-62.0,465.0,AR-X,Morrison,25
637,38908,heliport,La Superba Heliport,-34.5008,-59.015,32.0,AR-B,Open Door,25
638,38870,heliport,Hospital Materno Infantil San Roque Heliport,-31.73,-60.5217,265.0,AR-E,Paraná,25
639,39038,heliport,Transener S.A. Heliport,-40.1622,-70.3917,2302.0,AR-Q,Piedra Del Aguila,25
640,38729,heliport,Ayres De Pilar Heliport,-34.4375,-58.7983,45.0,AR-B,Pilar,25
641,38945,heliport,Memorial Heliport,-34.4433,-58.8381,62.0,AR-B,Pilar,25
642,39036,heliport,Transener S.A. Heliport,-38.1472,-65.8228,751.0,AR-L,Puelches,25
643,39035,heliport,Recreo / Transener S.A. Heliport,-29.2628,-65.0582,810.0,AR-K,Recreo,25
644,38725,heliport,Austral Heliport,-52.8936,-68.3553,127.0,AR-V,Rio Cullen,25
645,38992,heliport,Estancia Rio Ewan Heliport,-54.233548,-67.213246,112.0,AR-V,Río Grande,25
646,39040,heliport,Transener S.A. Heliport,-29.4606,-59.7636,190.0,AR-S,Romang,25
647,38768,heliport,Centro Cívico Grand Bourg Heliport,-24.7806,-65.4514,4132.0,AR-A,Salta,25
648,38834,heliport,Finca Las Costas Heliport,-24.7703,-65.4956,4300.0,AR-A,Salta,25
649,38869,heliport,Hospital De Milagro Heliport,-24.7731,-65.4156,4068.0,AR-A,Salta,25
650,38871,heliport,Hospital Municipal Heliport,-34.4489,-59.4494,154.0,AR-B,San Andres De Giles,25
651,38720,heliport,Arelauquen Heliport,-41.1612,-71.3659,3099.0,AR-R,San Carlos De Bariloche,25
652,38784,heliport,Complejo Llao Llao Heliport,-41.0544,-71.5339,2542.0,AR-R,San Carlos De Bariloche,25
653,39014,heliport,Sarthou S.A. Heliport,-34.3642,-58.5497,15.0,AR-B,San Fernando,25
654,38781,heliport,Club Nautico San Isidro Heliport,-34.4614,-58.5003,6.0,AR-B,San Isidro,25
655,38770,heliport,Cerro Chapelco Heliport,-40.1981,-71.3211,4281.0,AR-Q,San Martín De Los Andes,25
656,38820,heliport,Estancia La Candelaria Heliport,-40.0442,-71.3664,2997.0,AR-Q,San Martin De Los Andes,25
657,38985,heliport,Rancho De Montaña Heliport,-40.1525,-71.2856,3297.0,AR-Q,San Martín De Los Andes,25
658,38721,heliport,Aries Heliport,-52.6831,-68.0419,,AR-V,Santa Cruz,25
659,38866,heliport,Heliplataforma/Rio Cullen-Hidra Norte Heliport,-52.8206,-68.2192,65.0,AR-V,Santa Cruz,25
660,38829,small_airport,Estancia San Ramón Airport,-50.303495,-69.926057,1226.0,AR-Z,Santa Cruz,25
661,38861,heliport,Heliplataforma Am I Heliport,-52.5192,-68.3858,98.0,AR-Z,Santa Cruz,25
662,38862,heliport,Heliplataforma Carina Heliport,-52.7572,-67.2194,30.0,AR-Z,Santa Cruz,25
663,38863,heliport,Heliplataforma/Am-2 Heliport,-52.5489,-68.3125,134.0,AR-Z,Santa Cruz,25
664,38864,heliport,Heliplataforma/Am3 Heliport,-52.5228,-68.2808,134.0,AR-Z,Santa Cruz,25
665,38865,heliport,Heliplataforma/Am5 Heliport,-52.5706,-68.2533,98.0,AR-Z,Santa Cruz,25
666,38881,heliport,Isla Santa Mónica Heliport,-34.4147,-58.5072,14.0,AR-B,Tigre,25
667,38821,heliport,Estancia La Chacota Heliport,-35.9133,-62.6417,295.0,AR-B,Trenque Lauquen,25
668,38958,heliport,Norberto Cordeiro Heliport,-31.4142,-64.4969,2036.0,AR-X,Villa Carlos Paz,25
669,38779,heliport,Citefa Heliport,-34.5575,-58.5056,55.0,AR-B,Villa Martelli,25
670,38918,heliport,Las Chacritas Heliport,-34.405,-58.8631,64.0,AR-B,Villa Rosa,25
671,324545,small_airport,La Sistina Airstrip,-36.974031,-62.436969,,AR-B,,0
672,313014,small_airport,Puerto Piramides Airport,-42.550804,-64.269397,,AR-U,,0
673,313015,small_airport,Punta Delgada Field,-42.764154,-63.643799,,AR-U,,0
674,313021,small_airport,Camerones Field,-44.76667,-65.71667,,AR-U,,0
675,313022,small_airport,Caleta Valdés Field,-42.454874,-63.619080000000004,,AR-U,,0
676,313090,small_airport,Telsen,-42.383333,-66.95,,AR-U,,0
677,313091,small_airport,Gan Gan Field,-42.521363,-68.28786099999999,,AR-U,,0
678,313092,small_airport,Gastre Field,-42.276165,-69.22189200000001,,AR-U,,0
679,313093,small_airport,Cushamen Field,-42.17195981,-70.66617600000001,,AR-U,,0
680,313094,small_airport,Las Plumas Filed,-43.729305,-67.28482199999999,,AR-U,,0
681,314778,small_airport,Rio Chico Highway Strip,-53.641999999999996,-67.9486,26.0,AR-V,,0
682,327585,small_airport,Loma Alta Airport,-29.049088,-57.081729,295.0,AR-W,,0
683,42898,heliport,Heliplataforma Equipo Modular M-10 Heliport,-52.5489,-68.3119,108.0,AR-Z,,0
684,313007,small_airport,Aeroclub de El Chaltén Alf. G.N.A. Walter Omar D Anna,-49.328889000000004,-72.93,1279.0,AR-Z,,0
685,313008,small_airport,Hipólito Yrigoyen Lago Posadas Airport,-47.565833000000005,-71.74,,AR-Z,,0
686,327590,small_airport,Estancia El Pinocho,-32.564739,-58.51746,56.0,AR-E,Aldea San Antonio,0
687,318509,heliport,D.P. El Vapor Heliport,-34.83467,-58.384980000000006,91.0,AR-B,Almirante Brown,0
688,318230,small_airport,Agroalvear S.R.L. Airport,-33.068329999999996,-60.666940000000004,104.0,AR-S,Alvear,0
689,321708,small_airport,Augusto Leguizamon Airport,-34.818011,-62.477107,357.0,AR-B,Ameghino,0
690,324978,small_airport,Anillaco Airport,-28.795111,-66.914675,4264.0,AR-F,Anillaco,0
691,318231,small_airport,Arias Airport,-33.664,-62.3751,415.0,AR-X,Arias,0
692,323147,small_airport,Arroyo de la Ventana Airport,-41.669222,-66.097071,,AR-R,Arroyo de la Ventana,0
693,323149,small_airport,Arroyo Los Berros Airport,-41.438981,-66.09018499999999,,AR-R,Arroyo Los Berros,0
694,323143,small_airport,Bahía Laura Airport,-48.331097,-66.417847,,AR-Z,Bahía Laura,0
695,318238,small_airport,Estancia La Alborada,-37.462706,-58.188556999999996,209.0,AR-B,Balcarce,0
696,318241,small_airport,Finca Cuchuy Airport,-23.04,-63.7211,928.0,AR-A,Ballivian,0
697,321709,small_airport,Dutto Airport,-28.870432,-62.241535,285.0,AR-G,Bandera,0
698,42896,heliport,Heliplataforma Barcaza Yagana Heliport,-52.5225,-68.2806,49.0,AR-Z,Barcaza Yagana,0
699,321710,small_airport,Malfato Airport,-35.1517,-60.5056,187.0,AR-B,Bragado,0
700,42897,heliport,Heliplataforma Buque Skandi Patagonia Heliport,-52.0,-67.0,,AR-Z,Buque Skandi,0
701,318243,small_airport,Calchaqui Airport,-29.851670000000002,-60.291940000000004,184.0,AR-S,Calchaqui,0
702,298325,small_airport,Aerocampo CSA airport,-31.661454441500002,-63.277130127,630.0,AR-X,Calchin,0
703,318244,small_airport,Stiefel Airport,-31.99472,-61.60278,232.0,AR-S,Cañada Rosquin,0
704,45153,heliport,Cañuelas Gas SA Heliport ,-35.0583,-58.7883,95.0,AR-B,Cañuelas ,0
705,327603,small_airport,Estancia La Elisa Airport,-34.038888,-59.77694399999999,154.0,AR-B,Capitan Sarmiento,0
706,318245,small_airport,Fumagro Airport,-37.214729,-62.780581000000005,364.0,AR-B,Carhue,0
707,321732,small_airport,Malatini Airport,-35.569123,-61.368224,268.0,AR-B,Carlos Casares,0
708,321733,small_airport,Ottaviani Airport,-35.648137,-61.350425,268.0,AR-B,Carlos Casares,0
709,318246,small_airport,Establecimiento La Maria Pilar Airport,-36.488606,-63.432958,410.0,AR-L,Catrilo,0
710,321746,small_airport,Las 2 A Airport,-34.811475,-60.51701,196.0,AR-B,Chacabuco,0
711,321734,small_airport,Copetonas Airport,-38.743657,-60.553332,167.0,AR-B,Copetonas,0
712,42889,heliport,Berrini Heliport,-31.4397,-64.3433,1811.0,AR-X,Córdoba,0
713,318510,heliport,Centro Cívico Bicentenario Heliport,-31.420370000000002,-64.17323499999999,1306.0,AR-X,Córdoba,0
714,318247,small_airport,Agroservicios Airport,-33.2723,-60.5707,144.0,AR-S,Coronel Bogado,0
715,318248,small_airport,Alfomso Mengo Airport,-32.024440000000006,-64.27944000000001,1781.0,AR-X,Corralito,0
716,318249,small_airport,Lomas del Espinillo Airport,-32.08806,-64.16972,1441.0,AR-X,Corralito,0
717,321740,small_airport,Don Moises Airport,-32.039621999999994,-64.19282700000001,1604.0,AR-X,Corralito,0
718,318250,small_airport,Ita Ibate Airport,-27.44833,-57.42224100000001,223.0,AR-W,Corrientes,0
719,321711,small_airport,Cañada Quiroz Airport,-27.5497,-58.7175,180.0,AR-W,Corrientes,0
720,318945,small_airport,Coy Aike Airport,-51.162246,-69.487675,,AR-Z,Coy Aike,0
721,323148,small_airport,Dique Florentino Ameghino Airport,-43.674928,-66.493948,,AR-U,Dique Florentino Ameghino,0
722,318251,small_airport,Estancia San Rafael Airport,-25.043470000000003,-58.5915,288.0,AR-P,El Espinillo,0
723,327561,small_airport,El Sauzalito Airport,-24.443851000000002,-61.68824,558.0,AR-H,El Sauzalito,0
724,318252,small_airport,Bernardo's Airport,-32.2506,-61.6519,290.0,AR-S,El Trébol,0
725,318253,small_airport,Salvita Airport,-23.2128,-64.0339,928.0,AR-A,Embarcación,0
726,321678,small_airport,San Hilario Airport,-25.86448,-58.672887,236.0,AR-P,Estancia Alegria,0
727,314776,small_airport,Estancia Cullen South Airport,-52.9435,-68.4021,120.0,AR-V,Estancia Cullen,0
728,314780,small_airport,Los Robles Airport,-54.068999999999996,-67.6536,102.0,AR-V,Estancia El Roble,0
729,327586,small_airport,Itá Caabó Airport,-29.29287,-57.727213,262.0,AR-W,Estancia Itá Caabó,0
730,314777,small_airport,Sara Airport,-53.431999999999995,-68.167,52.0,AR-V,Estancia Sara,0
731,327647,small_airport,Traill Southeast Airport,-31.922586,-61.692139000000005,249.0,AR-S,Estancia Traill Sureste,0
732,323144,small_airport,Fitz Roy Airport,-47.021639,-67.241585,,AR-Z,Fitz Roy,0
733,45154,heliport,Colonia La Capilla Heliport,-34.9167,-58.2508,82.0,AR-B,Florencio Varela,0
734,321675,small_airport,Fortin Cabo Lugones Airport,-24.300451000000002,-59.830954000000006,,AR-P,Fortin Cabo Lugones,0
735,318254,small_airport,El Desafio,-23.2426,-63.323,800.0,AR-A,Fortin Dragones,0
736,327624,small_airport,Cabaña Los Gatos Airport,-27.142412,-61.764272,548.0,AR-G,Gancedo,0
737,298878,small_airport,Agroaire Airport,-27.476346000000003,-61.624433999999994,330.0,AR-H,Gancedo,0
738,318255,small_airport,Finca La Hercilia Airport,-22.6147,-63.662758999999994,1227.0,AR-A,General Mosconi,0
739,327611,small_airport,Estancia Trebolares Airport,-35.636734000000004,-63.498798,377.0,AR-L,General Pico,0
740,318256,small_airport,Kalbermatter Airport,-27.260279999999998,-61.47444,331.0,AR-H,General Pinedo,0
741,318257,small_airport,El Potrero,-32.97472,-58.253890000000006,88.0,AR-E,Gualeguaychu,0
742,324544,small_airport,Guardia Mitre Airstrip,-40.418091,-63.663346999999995,,AR-R,Guardia Mitre,0
743,321754,small_airport,Estancia Santa Elisa Airport,-29.304436,-56.88134300000001,206.0,AR-N,Guaviravi,0
744,321755,small_airport,Hernando Airport,-32.337145,-63.685178,925.0,AR-X,Hernando,0
745,318259,small_airport,Plus Agroservicios Aereos S.R.L. Airport,-33.8136,-61.3357,325.0,AR-S,Hughes,0
746,327565,small_airport,Ingeniero Juárez Airport,-23.904822,-61.820092,595.0,AR-P,Ingeniero Juárez,0
747,318260,small_airport,Biondi Airport],-33.2232,-62.4046,400.0,AR-X,Isla Verde,0
748,321745,small_airport,Itati Airport,-27.305296999999996,-58.313924,196.0,AR-W,Itati,0
749,44745,heliport,Ituzaingo / Transener S.A. Heliport,-27.5601,-56.6568,233.0,AR-W,Ituzaingo,0
750,42894,heliport,Dr. Mariano Moreno Heliport,-34.5631,-58.7903,104.0,AR-B,José C. Paz,0
751,321763,small_airport,Antares Airport,-34.528223,-63.960879000000006,505.0,AR-X,Jovita,0
752,42891,heliport,Casa De Lata Heliport,-39.8153,-71.1681,3221.0,AR-Q,Junín de Los andes,0
753,42901,heliport,Pernigotti Heliport,-27.7708,-64.2278,475.0,AR-G,La Banda,0
754,318263,small_airport,Casajus,-33.3882,-63.3055,475.0,AR-X,La Carlota,0
755,327584,small_airport,La Cruz Airport,-29.159962,-56.658639,219.0,AR-W,La Cruz,0
756,42890,heliport,Campanopolis Heliport,-34.791746,-58.601936,19.0,AR-B,La Matanza,0
757,46644,small_airport,La Paz Airport,-33.467,-67.55,,AR-M,La Paz,0
758,318511,heliport,Superficie Heliport,-34.900459999999995,-57.929486,22.0,AR-B,La Plata,0
759,318264,small_airport,Don Emilio Airport,-26.732470000000003,-64.88455,1525.0,AR-T,La Ramada De Abajo,0
760,318513,heliport,C.A.P.E. Provincial Police Heliport,-29.4356,-66.8632,1760.0,AR-F,La Rioja,0
761,321677,small_airport,Colonel Alfonso Airport,-25.130442000000002,-58.217977000000005,,AR-P,Laguna Blanca,0
762,321764,small_airport,Lanteri Airpiort,-28.86085,-59.673331000000005,183.0,AR-S,Lanteri,0
763,321765,small_airport,Agroalas S.R.L. Airport,-26.870159,-64.74663000000001,1135.0,AR-T,Las Cejas,0
764,318265,small_airport,AeroSoluciones Airport,-24.74889,-64.235,1614.0,AR-A,Las Lajitas,0
765,321766,small_airport,Horizonte Aplicaciones Areas Airport,-32.521761,-61.550695,321.0,AR-S,Las Rosas,0
766,42904,heliport,S.A.N.A. Heliport,-27.5494,-55.3336,905.0,AR-N,Leandro N. Alem,0
767,327625,small_airport,Estancia Las Marias Airport,-32.470437,-66.082103,2116.0,AR-D,Lenadro N. Alem,0
768,318266,small_airport,Don Alberto Airport,-35.8696,-57.8768,35.0,AR-K,Lezama,0
769,318493,small_airport,Limay Mahuida Airport,-37.1201,-66.704,,AR-L,Limay Mahuida,0
770,327605,small_airport,Estancia Los Leones Airport,-31.170558000000003,-60.718125,125.0,AR-S,Llambi Cambel,0
771,318514,heliport,La Reserva Heliport,-34.27045,-58.90043000000001,19.0,AR-B,Los Cardales,0
772,327651,closed,Los Juries Airport,-28.477432,-62.1226,301.0,AR-G,Los Juries,0
773,327652,small_airport,El Cuadrado Airport,-28.285565000000002,-61.764686,325.0,AR-G,Los Juries,0
774,321767,small_airport,Samave Airport,-33.786401,-62.12780600000001,357.0,AR-S,Maggiolo,0
775,327589,small_airport,Estancia El Cencerro Airport,-30.534775,-60.438022,164.0,AR-S,Marcelino Escalada,0
776,42902,heliport,Policia De La Provincia De Mendoza Heliport,-32.8783,-68.8681,2646.0,AR-M,Mendoza,0
777,323146,small_airport,Ministro Ramos Mexía Airport,-40.523752,-67.214651,,AR-R,Ministro Ramos Mexía,0
778,42892,heliport,Country Club San Diego Heliport,-34.6006,-58.8414,71.0,AR-B,Moreno,0
779,318269,small_airport,Campo San Jose Airport,-30.77778,-62.01472,331.0,AR-X,Morteros,0
780,318270,small_airport,Pulverizaciones Aerosur Airport,-38.576401000000004,-58.796429,55.0,AR-B,Necochea,0
781,318271,small_airport,Finca Toloche Airport,-25.4346,-63.8578,1040.0,AR-A,Nuestra Señora De Talavera,0
782,318495,small_airport,Nueva Galia Airport,-35.089382,-65.197724,,AR-D,Nueva Galia,0
783,42900,heliport,Pachón Minera Heliport,-31.7597,-70.4128,11810.0,AR-J,"Pachón, Calingasta",0
784,321768,small_airport,El Recuerdo S.R.L. Airport,-33.10549,-63.192986,451.0,AR-X,Pescanas,0
785,324366,small_airport,La Caldonia Airport,-32.1306,-61.8935,365.0,AR-S,Piamonte,0
786,327644,small_airport,Pichanal-Franzini Airport,-23.338946,-64.247126,1004.0,AR-A,Pichanal,0
787,318274,small_airport,Servicios Aeronauticos,-37.523004,-62.452318999999996,865.0,AR-B,Pigüé,0
788,45156,heliport,Piero Vara Heliport,-34.4328,-58.9722,39.0,AR-B,Pilar,0
789,318275,small_airport,Estancia La Carolina Airport,-33.07558,-60.715,110.0,AR-S,Piñero,0
790,327642,closed,Pinto Airport,-29.152265999999997,-62.675025,328.0,AR-G,Pinto,0
791,318276,small_airport,SAS Aeroaplicaciones Airport,-24.80667,-64.18111,1498.0,AR-A,Piquete Cabado,0
792,327621,small_airport,Finca Porvenir 8 Airport,-24.994562,-64.341664,1732.0,AR-A,Piquete Cabado,0
793,321676,small_airport,Posta Cambio A Zalazar Airport,-24.214083,-60.201159,,AR-P,Posta Cambio A Zalazar Airport,0
794,321769,small_airport,Rovere Airport,-26.783029,-60.487414,295.0,AR-H,Presidencia Roque Sáenz Peña,0
795,324542,small_airport,Puerto San Antonio Este Airstrip,-40.799532,-64.86418499999999,,AR-R,Puerto San Antonio Este,0
796,321771,small_airport,Estancia La Elba,-44.5728,-65.3706,45.0,AR-U,Punta Roja,0
797,318946,small_airport,Estancia Elena Airport,-49.727768,-68.756606,,AR-Z,Rio Chico,0
798,318278,small_airport,Vale Airport,-37.06556,-69.39556,3051.0,AR-M,Río Colorado,0
799,45160,small_airport,Fumigaciones Herbinsec Airport,-35.138611,-62.705278,366.0,AR-B,Roberts,0
800,318279,small_airport,Aeroagereo,-35.13588,-61.99717,327.0,AR-B,Roberts,0
801,318281,small_airport,La Amalia,-35.10042,-62.01656,328.0,AR-B,Roberts,0
802,321772,small_airport,Fumigaciones Herbinsec Airport,-35.1386,-61.9928,336.0,AR-B,Roberts,0
803,327626,heliport,Unidad Regional II de Polcia Heliport,-32.99354,-60.674636,131.0,AR-S,Rosario,0
804,318282,small_airport,BSG Airport,-34.24968,-62.67416,393.0,AR-S,Rufino,0
805,321775,small_airport,Parajon Airport,-34.576384999999995,-61.005748,275.0,AR-B,Saforcada,0
806,318283,small_airport,Abelenda Airport,-35.738533000000004,-59.76201,127.0,AR-B,Saladillo,0
807,318290,small_airport,Vergnano Airport,-30.320120000000003,-61.90165,314.0,AR-S,San Guillermo,0
808,318297,small_airport,Aeroclub San Javier,-30.5559,-59.9907,90.0,AR-S,San Javier,0
809,318298,small_airport,Chialva S. H. Airport,-32.736945,-62.531378000000004,390.0,AR-X,San Marcos,0
810,318515,heliport,Cooperativa de Trabajos Portuarios Limitada Heliport,-32.71915,-60.72636,29.0,AR-S,San Martín,0
811,45155,heliport,Miguel Colombise Heliport,-33.3617,-60.2511,88.0,AR-S,San Nicolás,0
812,42899,heliport,Metalúrgico Heliport,-33.3617,-60.2511,88.0,AR-B,San Nicolás de Los Arroyos,0
813,45161,small_airport,Casilda Fumigaciones Airport,-33.174721999999996,-61.2,259.0,AR-S,Sanford,0
814,318300,small_airport,Santa Clara de Saguier Airport,-31.355490000000003,-61.82983,356.0,AR-S,Santa Clara de Saguier,0
815,45157,heliport,Rio Cullen II Heliplatform,-52.8364,-68.1789,127.0,AR-V,Santa Cruz,0
816,321701,small_airport,Santa Elena Airport,-30.976069,-59.77689399999999,,AR-E,Santa Elena,0
817,318492,small_airport,Santa Isabel Airport,-36.23682,-66.94624,,AR-L,Santa Isabel,0
818,318301,small_airport,San Alberto Airport,-36.592071000000004,-64.220437,620.0,AR-L,Santa Rosa,0
819,318516,heliport,Edificio Tribunales Helipad,-27.7813,-64.265,738.0,AR-G,Santiago del Estero,0
820,318302,small_airport,Cóndor del Aire Airport,-33.46587,-60.62854,199.0,AR-S,Sargento Cabral,0
821,46645,small_airport,Colonia Sarmiento Airport,-45.582371,-68.999841,877.0,AR-U,Sarmiento,0
822,318303,small_airport,Fumigaciones Nando Airport,-29.779629999999997,-62.03181,295.0,AR-G,Selva Nueva,0
823,327639,small_airport,Estancia 13 de Abril Airport,-35.515511,-61.758924,276.0,AR-B,Smith,0
824,327617,small_airport,Rincón de Luna Airport,-28.470238000000002,-58.249233999999994,180.0,AR-W,Tabay,0
825,324367,small_airport,El Ocho Airstrip,-31.799689,-59.703579000000005,257.0,AR-E,Tabossi,0
826,42895,heliport,Estancia La Pascuala Heliport,-37.3936,-58.9661,721.0,AR-B,Tandil,0
827,318304,medium_airport,Termas de Río Hondo international Airport,-27.4966,-64.93595,935.0,AR-G,Termas de Río Hondo,0
828,318517,heliport,Villa La Ñata Heliport,-34.37527,-58.65576,10.0,AR-B,Tigre,0
829,318305,small_airport,Establecimiento El 21 Airport,-26.8952,-62.309619999999995,545.0,AR-G,Tintina,0
830,318306,small_airport,Tío Pujio Airport,-32.29307,-63.40197,777.0,AR-X,Tío Pujio,0
831,45162,small_airport,La Argentina Airport,-35.996666999999995,-62.705278,311.0,AR-B,Trenque Lauquen,0
832,318307,small_airport,Santagiulian Airport,-38.40573,-60.29968,350.0,AR-B,Tres Arroyos,0
833,323145,small_airport,Tres Cerros Airport,-48.138678000000006,-67.65506500000001,,AR-Z,Tres Cerros,0
834,318308,small_airport,Estancia Los Lobles Airport,-36.552913000000004,-63.766652,459.0,AR-L,Uriburu,0
835,318311,small_airport,Don Angel Airport,-33.93823,-64.40774,800.0,AR-X,Vicuña Mackenna,0
836,318313,small_airport,Beneficios S.R.L. Airport,-33.93759,-64.415095,800.0,AR-X,Vicuña Mackenna,0
837,318314,small_airport,Comequechen Airport,-33.934020000000004,-64.41594599999999,805.0,AR-X,Vicuña Mackenna,0
838,318309,small_airport,Estancia La Criolla Airport,-35.537034000000006,-60.129512,160.0,AR-B,Vienticinco de Mayo,0
839,318310,small_airport,Servicios Agroaereos Airport,-35.449205,-60.16070799999999,165.0,AR-B,Vienticinco de Mayo,0
840,46643,small_airport,Villa de María de Río Seco Airport,-29.9,-63.683,,AR-X,Villa de María de Río Seco,0
841,318502,medium_airport,Presidente Néstor Kirchner Regionsl Airport,-32.3201,-63.22663000000001,670.0,AR-X,Villa Maria,0
842,318507,small_airport,Suarez Aviación Airport,-32.4272,-63.3024,700.0,AR-E,Villa Nueva,0
843,42893,heliport,Dayry Partners Americas Manufacturing Argentina Sa Heliport,-32.44,-63.2289,639.0,AR-X,Villa Nueva,0
844,318506,small_airport,RAIG S.A. Airport,-32.4382,-63.2893,685.0,AR-X,Villa Nueva,0
845,318508,small_airport,Villa Valeria Airport,-34.35653,-64.90136,955.0,AR-X,Villa Valeria,0
846,324368,small_airport,Timbo Airstrip,-31.8266,-59.0333,187.0,AR-E,Villaguay,0
847,42903,heliport,Roca Heliport,-32.06,-64.7794,3444.0,AR-X,Yacanto de Calamuchita,0
848,42905,heliport,Austral S.A. Heliport,-52.7386,-68.5725,290.0,AR-V,Yacimiento Cañadón Alfs,0
